;19特徴③
19a黒,19a.png,0,0,300,300
19a青,19a.png,300,0,300,300
19a赤,19a.png,600,0,300,300
19a茶,19a.png,900,0,300,300

19b黒,19b.png,0,0,300,300
19b青,19b.png,300,0,300,300
19b赤,19b.png,600,0,300,300
19b茶,19b.png,900,0,300,300

19c黒,19c.png,0,0,300,300
19c青,19c.png,300,0,300,300
19c赤,19c.png,600,0,300,300
19c茶,19c.png,900,0,300,300

19d黒,19d.png,0,0,300,300
19d青,19d.png,300,0,300,300
19d赤,19d.png,600,0,300,300
19d茶,19d.png,900,0,300,300

19アホ毛金,19e.png,0,0,300,300
19アホ毛銀,19e.png,300,0,300,300
19アホ毛黒,19e.png,600,0,300,300
19アホ毛紫,19e.png,900,0,300,300
19アホ毛青,19e.png,1200,0,300,300
19アホ毛白,19e.png,1500,0,300,300
19アホ毛焦茶,19e.png,1800,0,300,300
19アホ毛真鍮,19e.png,2100,0,300,300
19アホ毛赤,19e.png,0,300,300,300
19アホ毛茶,19e.png,300,300,300,300
19アホ毛桃,19e.png,600,300,300,300
19アホ毛緑,19e.png,900,300,300,300
19アホ毛紅,19e.png,1200,300,300,300
19アホ毛紺,19e.png,1500,300,300,300
19アホ毛深緑,19e.png,1800,300,300,300

19触角金,19f.png,0,0,300,300
19触角銀,19f.png,300,0,300,300
19触角黒,19f.png,600,0,300,300
19触角紫,19f.png,900,0,300,300
19触角青,19f.png,1200,0,300,300
19触角白,19f.png,1500,0,300,300
19触角焦茶,19f.png,1800,0,300,300
19触角真鍮,19f.png,2100,0,300,300
19触角赤,19f.png,0,300,300,300
19触角茶,19f.png,300,300,300,300
19触角桃,19f.png,600,300,300,300
19触角緑,19f.png,900,300,300,300
19触角紅,19f.png,1200,300,300,300
19触角紺,19f.png,1500,300,300,300
19触角深緑,19f.png,1800,300,300,300

19アホ毛２金,19g.png,0,0,300,300
19アホ毛２銀,19g.png,300,0,300,300
19アホ毛２黒,19g.png,600,0,300,300
19アホ毛２紫,19g.png,900,0,300,300
19アホ毛２青,19g.png,1200,0,300,300
19アホ毛２白,19g.png,1500,0,300,300
19アホ毛２焦茶,19g.png,1800,0,300,300
19アホ毛２真鍮,19g.png,2100,0,300,300
19アホ毛２赤,19g.png,0,300,300,300
19アホ毛２茶,19g.png,300,300,300,300
19アホ毛２桃,19g.png,600,300,300,300
19アホ毛２緑,19g.png,900,300,300,300
19アホ毛２紅,19g.png,1200,300,300,300
19アホ毛２紺,19g.png,1500,300,300,300
19アホ毛２深緑,19g.png,1800,300,300,300

19アホ毛３金,19h.png,0,0,300,300
19アホ毛３銀,19h.png,300,0,300,300
19アホ毛３黒,19h.png,600,0,300,300
19アホ毛３紫,19h.png,900,0,300,300
19アホ毛３青,19h.png,1200,0,300,300
19アホ毛３白,19h.png,1500,0,300,300
19アホ毛３焦茶,19h.png,1800,0,300,300
19アホ毛３真鍮,19h.png,2100,0,300,300
19アホ毛３赤,19h.png,0,300,300,300
19アホ毛３茶,19h.png,300,300,300,300
19アホ毛３桃,19h.png,600,300,300,300
19アホ毛３緑,19h.png,900,300,300,300
19アホ毛３紅,19h.png,1200,300,300,300
19アホ毛３紺,19h.png,1500,300,300,300
19アホ毛３深緑,19h.png,1800,300,300,300
