﻿;5帽子
5ベレー帽赤,5a赤.png,0,0,300,300
5ベレー帽茶色,5a茶.png,0,0,300,300
5ベレー帽白,5a白.png,0,0,300,300
5ベレー帽緑色,5a緑.png,0,0,300,300
5z白,5z白.png,0,0,300,300

5麦わら帽子,5Straw_hat.png,0,0,300,300

5キャスケット帽黒,5casqquette.png,0,0,300,300
5キャスケット帽灰色,5casqquette.png,300,0,300,300
5キャスケット帽茶色,5casqquette.png,600,0,300,300
5キャスケット帽白,5casqquette.png,900,0,300,300
5キャスケット帽赤,5casqquette.png,1200,0,300,300
5キャスケット帽青,5casqquette.png,0,300,300,300
5キャスケット帽緑色,5casqquette.png,300,300,300,300

5魔女の帽子,5witchhat.png,0,0,300,300
