﻿CIPレース普通,CIPレース肌色.png,0,0,300,100
CIPレース褐色肌,CIPレース褐色.png,0,0,300,100
CIPレース色白,CIPレース色白.png,0,0,300,100
CIPレース青肌,CIPレース青肌.png,0,0,300,100
CIPレース赤,CIPレース赤.png,0,0,300,100
CIPレース黒,CIPレース黒.png,0,0,300,100
CIPレース紫,CIPレース紫.png,0,0,300,100
CIPレース青,CIPレース青.png,0,0,300,100
CIPレース黄色,CIPレース黄.png,0,0,300,100
CIPレース桃,CIPレース桃.png,0,0,300,100
CIPレース白,CIPレース白.png,0,0,300,100
CIPレース緑色,CIPレース緑.png,0,0,300,100
