﻿;22その他
22ponpon,22ponpon.png,0,0,300,300
22返り血,22返り血.png,0,0,300,300
22タバコ,22cigarette.png,0,0,300,300
22アイス,22ice.png,0,0,300,300
22ココアシガレット,22cocoa_cigarette.png,0,0,300,300
22食パン,22食パン.png,0,0,300,300
22フランスパン,22フランスパン.png,0,0,300,300
22みかん,22mikan.png,0,0,300,300
22頭上みかん,22mikan02.png,0,0,300,300
22本,22book.png,0,0,300,300
22お茶,22Japanese_teacup.png,0,0,300,300
22ゴム,22Condom.png,0,0,300,300

22スクールバッグ,22school_bag.png,0,0,300,300

22まぐろう1,22まぐろう.png,0,0,300,300
22まぐろう2,22まぐろう.png,300,0,300,300
22まぐろう3,22まぐろう.png,600,0,300,300
22まぐろ,22まぐろう.png,900,0,300,300

22バイブ,22vibrator.png,0,0,300,300

22精液髪,22精液髪.png,0,0,300,300
22精液右頬,22精液右頬.png,0,0,300,300
22精液左頬,22精液左頬.png,0,0,300,300
22精液Ｂ,22精液Ｂ.png,0,0,300,300

22目陰普通,22目陰普通.png,0,0,300,300
22目陰色白,22目陰色白.png,0,0,300,300
22目陰褐色肌,22目陰褐色肌.png,0,0,300,300
22目陰青肌,22目陰青肌.png,0,0,300,300

22扇子赤,22sensu.png,0,0,300,300
22扇子富士山,22sensu.png,300,0,300,300
22扇子桜,22sensu.png,600,0,300,300
22扇子白,22sensu.png,900,0,300,300

22ハート大量,22hand_written_heart.png,0,0,300,300

;萌え袖
22カーディガン灰色,22moesode.png,0,0,300,300
22カーディガン赤,22moesode.png,300,0,300,300
22カーディガン青,22moesode.png,600,0,300,300
22カーディガン橙,22moesode.png,900,0,300,300
22カーディガン緑色,22moesode.png,1200,0,300,300
22カーディガン濃紫,22moesode.png,0,300,300,300
22カーディガン桃,22moesode.png,300,300,300,300
22カーディガン白,22moesode.png,600,300,300,300
22カーディガン黒,22moesode.png,900,300,300,300

22肩出しジャケット灰色,22moesode.png,0,0,300,300
22肩出しジャケット赤,22moesode.png,300,0,300,300
22肩出しジャケット青,22moesode.png,600,0,300,300
22肩出しジャケット橙,22moesode.png,900,0,300,300
22肩出しジャケット緑色,22moesode.png,1200,0,300,300
22肩出しジャケット濃紫,22moesode.png,0,300,300,300
22肩出しジャケット桃,22moesode.png,300,300,300,300
22肩出しジャケット白,22moesode.png,600,300,300,300
22肩出しジャケット黒,22moesode.png,900,300,300,300

22ジャージ黒,22moesode.png,0,600,300,300
22ジャージ青,22moesode.png,300,600,300,300
22ジャージ赤,22moesode.png,600,600,300,300
22ジャージ緑色,22moesode.png,900,600,300,300

22パジャマ白,22moesode.png,0,900,300,300
22パジャマ紺,22moesode.png,300,900,300,300
22パジャマ桃,22moesode.png,600,900,300,300
22パジャマ薄緑,22moesode.png,900,900,300,300
22パジャマ水色,22moesode.png,1200,900,300,300

