;3追加髪①(後ろ髪)
3Sa金,3Sa.png,0,0,300,300
3Sa銀,3Sa.png,300,0,300,300
3Sa黒,3Sa.png,600,0,300,300
3Sa紫,3Sa.png,900,0,300,300
3Sa青,3Sa.png,1200,0,300,300
3Sa白,3Sa.png,1500,0,300,300
3Sa焦茶,3Sa.png,1800,0,300,300
3Sa真鍮,3Sa.png,2100,0,300,300
3Sa赤,3Sa.png,0,300,300,300
3Sa茶,3Sa.png,300,300,300,300
3Sa桃,3Sa.png,600,300,300,300
3Sa緑,3Sa.png,900,300,300,300
3Sa紅,3Sa.png,1200,300,300,300
3Sa紺,3Sa.png,1500,300,300,300
3Sa深緑,3Sa.png,1800,300,300,300

3Sb金,3Sb.png,0,0,300,300
3Sb銀,3Sb.png,300,0,300,300
3Sb黒,3Sb.png,600,0,300,300
3Sb紫,3Sb.png,900,0,300,300
3Sb青,3Sb.png,1200,0,300,300
3Sb白,3Sb.png,1500,0,300,300
3Sb焦茶,3Sb.png,1800,0,300,300
3Sb真鍮,3Sb.png,2100,0,300,300
3Sb赤,3Sb.png,0,300,300,300
3Sb茶,3Sb.png,300,300,300,300
3Sb桃,3Sb.png,600,300,300,300
3Sb緑,3Sb.png,900,300,300,300
3Sb紅,3Sb.png,1200,300,300,300
3Sb紺,3Sb.png,1500,300,300,300
3Sb深緑,3Sb.png,1800,300,300,300

3Sc金,3Sc.png,0,0,300,300
3Sc銀,3Sc.png,300,0,300,300
3Sc黒,3Sc.png,600,0,300,300
3Sc紫,3Sc.png,900,0,300,300
3Sc青,3Sc.png,1200,0,300,300
3Sc白,3Sc.png,1500,0,300,300
3Sc焦茶,3Sc.png,1800,0,300,300
3Sc真鍮,3Sc.png,2100,0,300,300
3Sc赤,3Sc.png,0,300,300,300
3Sc茶,3Sc.png,300,300,300,300
3Sc桃,3Sc.png,600,300,300,300
3Sc緑,3Sc.png,900,300,300,300
3Sc紅,3Sc.png,1200,300,300,300
3Sc紺,3Sc.png,1500,300,300,300
3Sc深緑,3Sc.png,1800,300,300,300

3Sd金,3Sd.png,0,0,300,300
3Sd銀,3Sd.png,300,0,300,300
3Sd黒,3Sd.png,600,0,300,300
3Sd紫,3Sd.png,900,0,300,300
3Sd青,3Sd.png,1200,0,300,300
3Sd白,3Sd.png,1500,0,300,300
3Sd焦茶,3Sd.png,1800,0,300,300
3Sd真鍮,3Sd.png,2100,0,300,300
3Sd赤,3Sd.png,0,300,300,300
3Sd茶,3Sd.png,300,300,300,300
3Sd桃,3Sd.png,600,300,300,300
3Sd緑,3Sd.png,900,300,300,300
3Sd紅,3Sd.png,1200,300,300,300
3Sd紺,3Sd.png,1500,300,300,300
3Sd深緑,3Sd.png,1800,300,300,300

3Se金,3Se.png,0,0,300,300
3Se銀,3Se.png,300,0,300,300
3Se黒,3Se.png,600,0,300,300
3Se紫,3Se.png,900,0,300,300
3Se青,3Se.png,1200,0,300,300
3Se白,3Se.png,1500,0,300,300
3Se焦茶,3Se.png,1800,0,300,300
3Se真鍮,3Se.png,2100,0,300,300
3Se赤,3Se.png,0,300,300,300
3Se茶,3Se.png,300,300,300,300
3Se桃,3Se.png,600,300,300,300
3Se緑,3Se.png,900,300,300,300
3Se紅,3Se.png,1200,300,300,300
3Se紺,3Se.png,1500,300,300,300
3Se深緑,3Se.png,1800,300,300,300

3Sf金,3Sf.png,0,0,300,300
3Sf銀,3Sf.png,300,0,300,300
3Sf黒,3Sf.png,600,0,300,300
3Sf紫,3Sf.png,900,0,300,300
3Sf青,3Sf.png,1200,0,300,300
3Sf白,3Sf.png,1500,0,300,300
3Sf焦茶,3Sf.png,1800,0,300,300
3Sf真鍮,3Sf.png,2100,0,300,300
3Sf赤,3Sf.png,0,300,300,300
3Sf茶,3Sf.png,300,300,300,300
3Sf桃,3Sf.png,600,300,300,300
3Sf緑,3Sf.png,900,300,300,300
3Sf紅,3Sf.png,1200,300,300,300
3Sf紺,3Sf.png,1500,300,300,300
3Sf深緑,3Sf.png,1800,300,300,300

3Ta金,3Ta.png,0,0,300,300
3Ta銀,3Ta.png,300,0,300,300
3Ta黒,3Ta.png,600,0,300,300
3Ta紫,3Ta.png,900,0,300,300
3Ta青,3Ta.png,1200,0,300,300
3Ta白,3Ta.png,1500,0,300,300
3Ta焦茶,3Ta.png,1800,0,300,300
3Ta真鍮,3Ta.png,2100,0,300,300
3Ta赤,3Ta.png,0,300,300,300
3Ta茶,3Ta.png,300,300,300,300
3Ta桃,3Ta.png,600,300,300,300
3Ta緑,3Ta.png,900,300,300,300
3Ta紅,3Ta.png,1200,300,300,300
3Ta紺,3Ta.png,1500,300,300,300
3Ta深緑,3Ta.png,1800,300,300,300

3Tb金,3Tb.png,0,0,300,300
3Tb銀,3Tb.png,300,0,300,300
3Tb黒,3Tb.png,600,0,300,300
3Tb紫,3Tb.png,900,0,300,300
3Tb青,3Tb.png,1200,0,300,300
3Tb白,3Tb.png,1500,0,300,300
3Tb焦茶,3Tb.png,1800,0,300,300
3Tb真鍮,3Tb.png,2100,0,300,300
3Tb赤,3Tb.png,0,300,300,300
3Tb茶,3Tb.png,300,300,300,300
3Tb桃,3Tb.png,600,300,300,300
3Tb緑,3Tb.png,900,300,300,300
3Tb紅,3Tb.png,1200,300,300,300
3Tb紺,3Tb.png,1500,300,300,300
3Tb深緑,3Tb.png,1800,300,300,300

3Tc金,3Tc.png,0,0,300,300
3Tc銀,3Tc.png,300,0,300,300
3Tc黒,3Tc.png,600,0,300,300
3Tc紫,3Tc.png,900,0,300,300
3Tc青,3Tc.png,1200,0,300,300
3Tc白,3Tc.png,1500,0,300,300
3Tc焦茶,3Tc.png,1800,0,300,300
3Tc真鍮,3Tc.png,2100,0,300,300
3Tc赤,3Tc.png,0,300,300,300
3Tc茶,3Tc.png,300,300,300,300
3Tc桃,3Tc.png,600,300,300,300
3Tc緑,3Tc.png,900,300,300,300
3Tc紅,3Tc.png,1200,300,300,300
3Tc紺,3Tc.png,1500,300,300,300
3Tc深緑,3Tc.png,1800,300,300,300

3Td金,3Td.png,0,0,300,300
3Td銀,3Td.png,300,0,300,300
3Td黒,3Td.png,600,0,300,300
3Td紫,3Td.png,900,0,300,300
3Td青,3Td.png,1200,0,300,300
3Td白,3Td.png,1500,0,300,300
3Td焦茶,3Td.png,1800,0,300,300
3Td真鍮,3Td.png,2100,0,300,300
3Td赤,3Td.png,0,300,300,300
3Td茶,3Td.png,300,300,300,300
3Td桃,3Td.png,600,300,300,300
3Td緑,3Td.png,900,300,300,300
3Td紅,3Td.png,1200,300,300,300
3Td紺,3Td.png,1500,300,300,300
3Td深緑,3Td.png,1800,300,300,300

3Te金,3Te.png,0,0,300,300
3Te銀,3Te.png,300,0,300,300
3Te黒,3Te.png,600,0,300,300
3Te紫,3Te.png,900,0,300,300
3Te青,3Te.png,1200,0,300,300
3Te白,3Te.png,1500,0,300,300
3Te焦茶,3Te.png,1800,0,300,300
3Te真鍮,3Te.png,2100,0,300,300
3Te赤,3Te.png,0,300,300,300
3Te茶,3Te.png,300,300,300,300
3Te桃,3Te.png,600,300,300,300
3Te緑,3Te.png,900,300,300,300
3Te紅,3Te.png,1200,300,300,300
3Te紺,3Te.png,1500,300,300,300
3Te深緑,3Te.png,1800,300,300,300

3Tf金,3Tf.png,0,0,300,300
3Tf銀,3Tf.png,300,0,300,300
3Tf黒,3Tf.png,600,0,300,300
3Tf紫,3Tf.png,900,0,300,300
3Tf青,3Tf.png,1200,0,300,300
3Tf白,3Tf.png,1500,0,300,300
3Tf焦茶,3Tf.png,1800,0,300,300
3Tf真鍮,3Tf.png,2100,0,300,300
3Tf赤,3Tf.png,0,300,300,300
3Tf茶,3Tf.png,300,300,300,300
3Tf桃,3Tf.png,600,300,300,300
3Tf緑,3Tf.png,900,300,300,300
3Tf紅,3Tf.png,1200,300,300,300
3Tf紺,3Tf.png,1500,300,300,300
3Tf深緑,3Tf.png,1800,300,300,300

3Tg2金,3Tg2.png,0,0,300,300
3Tg2銀,3Tg2.png,300,0,300,300
3Tg2黒,3Tg2.png,600,0,300,300
3Tg2紫,3Tg2.png,900,0,300,300
3Tg2青,3Tg2.png,1200,0,300,300
3Tg2白,3Tg2.png,1500,0,300,300
3Tg2焦茶,3Tg2.png,1800,0,300,300
3Tg2真鍮,3Tg2.png,2100,0,300,300
3Tg2赤,3Tg2.png,0,300,300,300
3Tg2茶,3Tg2.png,300,300,300,300
3Tg2桃,3Tg2.png,600,300,300,300
3Tg2緑,3Tg2.png,900,300,300,300
3Tg2紅,3Tg2.png,1200,300,300,300
3Tg2紺,3Tg2.png,1500,300,300,300
3Tg2深緑,3Tg2.png,1800,300,300,300
