﻿CIP汎用正面日焼け,CIP汎用正面0日焼.png,0,0,300,100
CIP汎用正面普通,CIP汎用正面0肌色.png,0,0,300,100
CIP汎用正面褐色肌,CIP汎用正面0褐色.png,0,0,300,100
CIP汎用正面色白,CIP汎用正面0色白.png,0,0,300,100
CIP汎用正面青肌,CIP汎用正面0青肌.png,0,0,300,100

CIPショーツ赤,CIP汎用正面2ショーツ赤.png,0,0,300,100
CIPショーツ黒,CIP汎用正面2ショーツ黒.png,0,0,300,100
CIPショーツ紫,CIP汎用正面2ショーツ紫.png,0,0,300,100
CIPショーツ青,CIP汎用正面2ショーツ青.png,0,0,300,100
CIPショーツ黄色,CIP汎用正面2ショーツ黄.png,0,0,300,100
CIPショーツ桃,CIP汎用正面2ショーツ桃.png,0,0,300,100
CIPショーツ白,CIP汎用正面2ショーツ白.png,0,0,300,100
CIPショーツ緑色,CIP汎用正面2ショーツ緑.png,0,0,300,100

CIPパンティ赤,CIP汎用正面2パンティ赤.png,0,0,300,100
CIPパンティ黒,CIP汎用正面2パンティ黒.png,0,0,300,100
CIPパンティ紫,CIP汎用正面2パンティ紫.png,0,0,300,100
CIPパンティ青,CIP汎用正面2パンティ青.png,0,0,300,100
CIPパンティ黄色,CIP汎用正面2パンティ黄.png,0,0,300,100
CIPパンティ桃,CIP汎用正面2パンティ桃.png,0,0,300,100
CIPパンティ白,CIP汎用正面2パンティ白.png,0,0,300,100
CIPパンティ緑色,CIP汎用正面2パンティ緑.png,0,0,300,100

CIPフリル黒,CIP汎用正面2フリル黒.png,0,0,300,100
CIPフリル紫,CIP汎用正面2フリル紫.png,0,0,300,100
CIPフリル青,CIP汎用正面2フリル青.png,0,0,300,100
CIPフリル黄色,CIP汎用正面2フリル黄.png,0,0,300,100
CIPフリル桃,CIP汎用正面2フリル桃.png,0,0,300,100
CIPフリル白,CIP汎用正面2フリル白.png,0,0,300,100
CIPフリル緑色,CIP汎用正面2フリル緑.png,0,0,300,100

CIPマイクロショーツ赤,CIP汎用正面2マイクロ赤.png,0,0,300,100
CIPマイクロショーツ黒,CIP汎用正面2マイクロ黒.png,0,0,300,100
CIPマイクロショーツ紫,CIP汎用正面2マイクロ紫.png,0,0,300,100
CIPマイクロショーツ青,CIP汎用正面2マイクロ青.png,0,0,300,100
CIPマイクロショーツ白,CIP汎用正面2マイクロ白.png,0,0,300,100

CIPローライズ黒,CIP汎用正面2ローライズ黒.png,0,0,300,100
CIPローライズ紫,CIP汎用正面2ローライズ紫.png,0,0,300,100
CIPローライズ青,CIP汎用正面2ローライズ青.png,0,0,300,100
CIPローライズ黄色,CIP汎用正面2ローライズ黄.png,0,0,300,100
CIPローライズ桃,CIP汎用正面2ローライズ桃.png,0,0,300,100
CIPローライズ白,CIP汎用正面2ローライズ白.png,0,0,300,100
CIPローライズ緑色,CIP汎用正面2ローライズ緑.png,0,0,300,100

CIPローレグ赤,CIP汎用正面2ローレグ赤.png,0,0,300,100
CIPローレグ黒,CIP汎用正面2ローレグ黒.png,0,0,300,100
CIPローレグ紫,CIP汎用正面2ローレグ紫.png,0,0,300,100
CIPローレグ青,CIP汎用正面2ローレグ青.png,0,0,300,100
CIPローレグ黄色,CIP汎用正面2ローレグ黄.png,0,0,300,100
CIPローレグ白,CIP汎用正面2ローレグ白.png,0,0,300,100
CIPローレグ緑色,CIP汎用正面2ローレグ緑.png,0,0,300,100

CIPボーイレッグ黒,CIP汎用正面2ボーイレッグ黒.png,0,0,300,100
CIPボーイレッグ紫,CIP汎用正面2ボーイレッグ紫.png,0,0,300,100
CIPボーイレッグ青,CIP汎用正面2ボーイレッグ青.png,0,0,300,100
CIPボーイレッグ黄色,CIP汎用正面2ボーイレッグ黄.png,0,0,300,100
CIPボーイレッグ桃,CIP汎用正面2ボーイレッグ桃.png,0,0,300,100
CIPボーイレッグ白,CIP汎用正面2ボーイレッグ白.png,0,0,300,100
CIPボーイレッグ緑色,CIP汎用正面2ボーイレッグ緑.png,0,0,300,100

CIP褌赤,CIP汎用正面2ふんどし赤.png,0,0,300,100
CIP褌黒,CIP汎用正面2ふんどし黒.png,0,0,300,100
CIP褌桃,CIP汎用正面2ふんどし桃.png,0,0,300,100
CIP褌白,CIP汎用正面2ふんどし白.png,0,0,300,100

CIPパンティリボン三角赤,CIP汎用正面3三角リボン赤.png,0,0,300,100
CIPパンティリボン三角黒,CIP汎用正面3三角リボン黒.png,0,0,300,100
CIPパンティリボン三角青,CIP汎用正面3三角リボン青.png,0,0,300,100
CIPパンティリボン三角黄,CIP汎用正面3三角リボン黄.png,0,0,300,100
CIPパンティリボン三角白,CIP汎用正面3三角リボン白.png,0,0,300,100
CIPパンティリボン紐赤,CIP汎用正面3紐リボン赤.png,0,0,300,100
CIPパンティリボン紐黒,CIP汎用正面3紐リボン黒.png,0,0,300,100
CIPパンティリボン紐青,CIP汎用正面3紐リボン青.png,0,0,300,100
CIPパンティリボン紐黄,CIP汎用正面3紐リボン黄.png,0,0,300,100
CIPパンティリボン紐白,CIP汎用正面3紐リボン白.png,0,0,300,100

CIPパンスト黒,CIP汎用正面3タイツ黒.png,0,0,300,100
CIPパンスト赤,CIP汎用正面3タイツ赤.png,0,0,300,100
CIPパンスト白,CIP汎用正面3タイツ白.png,0,0,300,100

CIPバニータイツ黒,CIP汎用正面バニータイツ黒.png,0,0,300,100
CIPバニータイツ赤,CIP汎用正面バニータイツ赤.png,0,0,300,100

CIPプリーツスカート,CIP汎用正面4プリーツ.png,0,0,300,100

CIP葉っぱパンツ緑色,CIP汎用正面2葉っぱパンツ.png,0,0,300,100

CIPハイレグ赤,CIP汎用正面2ハイレグ赤.png,0,0,300,100
CIPハイレグ黒,CIP汎用正面2ハイレグ黒.png,0,0,300,100
CIPハイレグ紫,CIP汎用正面2ハイレグ紫.png,0,0,300,100
CIPハイレグ青,CIP汎用正面2ハイレグ青.png,0,0,300,100
CIPハイレグ黄色,CIP汎用正面2ハイレグ黄.png,0,0,300,100
CIPハイレグ桃,CIP汎用正面2ハイレグ桃.png,0,0,300,100
CIPハイレグ白,CIP汎用正面2ハイレグ白.png,0,0,300,100
CIPハイレグ緑色,CIP汎用正面2ハイレグ緑.png,0,0,300,100

CIPドロワーズ白,CIP汎用正面ドロワーズ.png,0,0,300,100
CIPドロワーズ黒,CIP汎用正面ドロワーズ黒.png,0,0,300,100

CIPハイレグブルマ赤,CIP汎用正面ハイレグブルマ赤.png,0,0,300,100
CIPハイレグブルマ紺色,CIP汎用正面ハイレグブルマ紺色.png,0,0,300,100
CIPハイレグブルマ水色,CIP汎用正面ハイレグブルマ水色.png,0,0,300,100
CIPハイレグブルマ緑色,CIP汎用正面ハイレグブルマ緑.png,0,0,300,100

CIPブルマ赤,CIP汎用正面ブルマ赤.png,0,0,300,100
CIPブルマ紺色,CIP汎用正面ブルマ紺色.png,0,0,300,100
CIPブルマ水色,CIP汎用正面ブルマ水色.png,0,0,300,100
CIPブルマ緑色,CIP汎用正面ブルマ緑.png,0,0,300,100

CIPバニースーツ黒,CIP汎用正面バニー黒.png,0,0,300,100
CIPバニースーツ紫,CIP汎用正面バニー紫.png,0,0,300,100
CIPバニースーツ青,CIP汎用正面バニー青.png,0,0,300,100
CIPバニースーツ赤,CIP汎用正面バニー赤.png,0,0,300,100
CIPバニースーツ白,CIP汎用正面バニー白.png,0,0,300,100

CIP競泳水着黒,CIP汎用正面競泳黒.png,0,0,300,100
CIP競泳水着青,CIP汎用正面競泳青.png,0,0,300,100
CIP競泳水着赤,CIP汎用正面競泳赤.png,0,0,300,100
CIP競泳水着緑色,CIP汎用正面競泳緑.png,0,0,300,100

CIPジャージ黒,CIP汎用正面ジャージ黒.png,0,0,300,100
CIPジャージ青,CIP汎用正面ジャージ青.png,0,0,300,100
CIPジャージ赤,CIP汎用正面ジャージ赤.png,0,0,300,100
CIPジャージ緑色,CIP汎用正面ジャージ緑.png,0,0,300,100
