﻿;～～～Demoslaviya20XX～～～
;UnitIcon
Lv1INF,Lv1歩兵.png,0,0,38,38
Lv2INF,Lv2歩兵.png,0,0,38,38
Lv3INF,Lv3歩兵.png,0,0,38,38
Lv4INF,Lv4歩兵.png,0,0,38,38
Lv5INF,Lv5歩兵.png,0,0,38,38
Lv1Tank,Lv1水槽.png,0,0,38,38
Lv2Tank,Lv2水槽.png,0,0,38,38
Lv3aTGun,Lv1反水槽.png,0,0,38,38
;Lv1Helicopter,Lv1回る翼.png,0,0,38,38
;Lv2Helicopter,Lv2回る翼.png,0,0,38,38
Lv1Mortor,Lv1すり鉢.png,0,0,38,38
Lv3aAGun,Lv1反天銃.png,0,0,38,38
Lv1Cavalry,Lv1騎兵.png,0,0,38,38


;UnitColor
Wait,待機.png,0,0,38,38
Moved,行動済.png,0,0,38,38
Enemy,敵.png,0,0,38,38

;ボタン用
NoneUnit,虚無.png,0,0,38,38
CursorUnit,カーソル中ユニット.png,0,0,38,38
SelectUnit,選択中ユニット.png,0,0,38,38
NoneHex,虚無.png,0,0,64,64
CursorHex,カーソル中へクス.png,0,0,64,64
AttackHex,攻撃可能へクス.png,0,0,64,64
MoveHex,移動可能へクス.png,0,0,64,64

;HexTile
Error,使用禁止.png,0,0,64,64
Parairie,草原.png,0,0,64,64
Forest,森.png,0,0,64,64
Sea,海.png,0,0,64,64
Desert,砂地.png,0,0,64,64
Road,道路.png,0,0,64,64
City,都市.png,0,0,64,64

;その他
Demol,ダエモスラビヤ・デーモール.png,0,0,13,18

