﻿CIPマイクロ普通,CIPマイクロ肌色.png,0,0,300,100
CIPマイクロ褐色肌,CIPマイクロ褐色.png,0,0,300,100
CIPマイクロ色白,CIPマイクロ色白.png,0,0,300,100
CIPマイクロ青肌,CIPマイクロ青肌.png,0,0,300,100
CIPマイクロ赤,CIPマイクロ赤.png,0,0,300,100
CIPマイクロ黒,CIPマイクロ黒.png,0,0,300,100
CIPマイクロ紫,CIPマイクロ紫.png,0,0,300,100
CIPマイクロ青,CIPマイクロ青.png,0,0,300,100

CIPマイクロ豹柄,CIPマイクロ豹柄.png,0,0,300,100
