﻿0,体力
1,精力
2,絶頂
3,母乳
4,尿意
5,学力,			;MAXBASEは試験前の学力保存に使う

7,魂,			;常人はだいたい100。つまり猫なら900。あなた以外は集めた魂の量。

10,性欲
11,精液欲
12,快感許容値女性
13,快感許容値男性
14,欲求不満
15,排泄欲
16,排泄物
17,老廃物,		;0bitＰ恥垢, 1bitＶ恥垢



;身体特徴
20,身高
21,身高の追加要素,	;基本的には使いません
22,胸圍
23,カップ
24,腰圍
25,臀圍
26,陰毛
27,腋毛
28,肤色,		;肌の色が黒っぽい=0普通、=1褐色、=2色白、=3青肌
29,耳の形,		;えるふみみとか動物耳とか

31,尾巴,		;うねうねふさふさしたのが生えてます
32,胸圍成長,		;これは0.1cmまで見るため実際の数値の10倍。値が153なら15.3cm成長したという事。とりあえず限界は500
33,カップ成長,		;バストカップがいくつ成長したか


;妊娠関係の数値
40,バイオリズム
41,胎内精子量
42,精液の優勢,		;識別番号で記録する
43,胎児の父親,		;識別番号で記録する
44,胎児
45,育児中
46,胎内精液量
47,胎児への栄養
48,受精,			;***着床判定追加パッチで追加
49,受精からの日数,


;生まれなど、身体依存
50,誕生日
51,種族
52,属性
53,父親,		;識別番号で記録する
54,母親,		;識別番号で記録する
55,兄,			;識別番号で記録する
56,姉,			;識別番号で記録する
57,弟,			;識別番号で記録する
58,妹,			;識別番号で記録する

;その他いろいろ
60,識別番号
61,種族思考
62,Ｖ履歴：記憶母数
63,Ａ履歴：記憶母数
64,尿道履歴：記憶母数

