﻿;===========================================================
;  風鳴グレイス
;-----------------------------------------------------------
;  This file is generated by era悪魔でメイド　キャラクターシートエディタ
;  Ver.1.03
;===========================================================
番号,37
名前,風鳴格蕾丝
呼び名,格蕾丝
CSTR,ふりがな,ぐれいす,

;フラグ,夜型,1

基礎,体力,2100

素質,処女,1
;フラグ,好感度,
;フラグ,ピル,1
素質,吸精体質,1


;===========================================================
;  プロフィール
;===========================================================
CSTR,称号,風精令嬢
CSTR,学年,２年生
CSTR,種族,人类
CSTR,喜欢的房间,
CSTR,出現場所,
CSTR,建议,和和闹闹
CSTR,仕事,
CSTR,関係,炮友
CSTR,喜欢的颜色,薄桃色/薄緑/薄青色/白/純白/條紋色

CSTR,茶,紅茶/香草茶
CSTR,喜欢的东西,親友/学園生活/冬天
CSTR,讨厌的东西,没有什么特别讨厌的


;===========================================================
; 外見的特徴
;===========================================================
素質,女性,1
素質,外見年齢,3
素質,苗条,1

CSTR,髪色,茶髪,
CSTR,髪長,長,
CSTR,前髪,編髪,
CSTR,後髪,卷髪,
CSTR,改髪,三股辫,
CSTR,呆毛,呆毛,
CSTR,蝴蝶結,无蝴蝶結,
CSTR,瞳色,緑,
CSTR,眼形,垂眼２,
CSTR,白眼,无眼白,
CSTR,眉形,通常眉,
CSTR,嘴形,ワ,

CSTR,陰毛的喜好,光滑无毛
CSTR,腋毛的喜好,光滑无毛
素質,巨乳,1
素質,陥没乳頭,2

;============================================================
;  性格設定
;============================================================
能力,信頼,1
能力,欲望,1
能力,技巧,0
能力,奉仕精神,1
能力,露出癖,1

能力,受虐属性,0
能力,施虐属性,0
素質,坦率,1
素質,開朗,1
素質,好奇心,1
素質,高贵,1
素質,容易迷恋,1
素質,接受快感,1
素質,献身,1
素質,清楚,1
素質,好色,1
素質,喜歡引人注目,1

;============================================================
;  性的嗜好
;============================================================
能力,Ｃ感覚,1
能力,Ｖ感覚,0
能力,Ａ感覚,0
能力,Ｂ感覚,1
能力,Ｍ感覚,0
能力,尿道感覚,0

能力,自慰中毒,0
能力,精液中毒,0

素質,气味弱点,1


;============================================================
;  経験
;============================================================
経験,Ｖ経験,0
経験,Ｖ性交経験,0
経験,Ａ経験,0
経験,Ａ性交経験,0
経験,絶頂経験,10
経験,自慰経験,20

;============================================================
;  服飾設定
;============================================================


CSTR,喜欢的体位,対面座位,
;----------------------------------------
;  ブラの好み
;----------------------------------------
CSTR,喜欢的胸罩,條紋胸罩/蕾丝胸罩/透明胸罩/褶边の胸罩/白色比基尼胸罩/猫型胸罩/Micro胸罩/
CSTR,讨厌的胸罩,裹胸布/豹纹胸罩/

;----------------------------------------
;  パンツの好み
;----------------------------------------
CSTR,喜欢的胖次,條紋胖次/蕾丝的胖次/褶边の胖次/白色比基尼/透明胖次/繩系胖次/前貼/
CSTR,讨厌的胖次,貞操帯/兜襠布/豹纹胖次/
