﻿番号,24,
名前,春夏冬千穂,
呼び名,千穂,
CSTR,ふりがな,ちほ,

基礎,体力,1000

素質,処女,							
素質,外見年齢,2						
素質,貧乳,							
素質,小尻,
素質,娇小,
素質,狂気,							
素質,倒錯的,
素質,内気,
素質,難以越過的底線,
素質,难以妊娠,2
素質,口服避孕薬派,
素質,炮友,2

フラグ,口服避孕薬,1

能力,欲望,1
能力,技巧,2
能力,奉仕精神,2,

CSTR,称号,一般生徒
CSTR,学年,２年生

CSTR,関係,交易对象
CSTR,出現場所,空地/空地/空地/河边/河边

;暫定。
CSTR,建议,理性主義

CSTR,茶,ネクター,
CSTR,喜欢的东西,妹/狭窄的地方/猫,
CSTR,讨厌的东西,消毒液的味道/火/神様,

CSTR,髪色,黒髪,
CSTR,髪長,長,
CSTR,前髪,,
CSTR,後髪,,
CSTR,改髪,无特殊髪型,
CSTR,呆毛,无呆毛,
CSTR,蝴蝶結,无蝴蝶結,

CSTR,瞳色,,
CSTR,眼形,,
CSTR,白眼,,
CSTR,眉形,,
CSTR,嘴形,,
