﻿番号,19,                ;仮番号です。実装時にどうなるのか。
名前,万音,            ;魔呑、魔音。魔を麻とか真にしてやると日本語名でも使えますね。いずれにせよキラキラぎりぎり。
呼び名,万音,          ;ちなみにフランス人の女性名として普通にある名前だそうです。
CSTR,ふりがな,まのん,

フラグ,夜型,1,		;これがONだと部室には現れず、自宅にのみ現れる
                        ;マノンちゃんは当初居候ですが、じきにお金を稼ぐようになります。(未実装)。魂か精力をあげてね。
基礎,体力,2000,          ;体力はデフォルト。

素質,処女,              ;淫魔の処女というギャップ。もっともそれには理由が
素質,巨乳,3,            ;爆ではなく超。それこそ上半身がおっぱいで埋まる。年齢不相応？　キニシナイ
素質,内気,              ;男性と話すなんて……親しくなるまではどもらせたい。
素質,温柔,            ;人をえさだなんてとんでもない！
素質,外見年齢,3,        ;2だと少女、3だとお姉さん。このヴァリアントは主人公と同世代だとお姉さんになるらしい。
素質,好奇心,            ;淫魔なのでえっちなことへの興味は人以上にあります。
素質,接受快感,        ;気持ちいいことはいいことだと思います。
素質,難以越過的底線,      ;破瓜するの怖い破瓜するの怖いお口やおっぱいで気持ちよくするしなるから許して
素質,贞操重视,          ;でもできれば破瓜するなら本当にその人って決めた人が
素質,容易濕,        ;ぬるぬるです。
素質,拡張適性,1,        ;大きいからといってへばりません。馬でも象でもこい。
素質,Ｖ名器,3,          ;破瓜したその地点でその真なる秘められた力を知ります。
素質,Ｖ性向,            ;破瓜しなかったことが彼女の淫魔のすべてをねじ伏せていたのです。
素質,Ｂ性向,            ;パイズリ気持ちいいです。
素質,Ｍ性向,            ;おふぇらでいっちゃいます。
素質,难以妊娠,2     ;淫魔ばりに孕みにくいです。でも抜け道はあります。


能力,欲望,1
能力,技巧,1
能力,Ｂ感覚,2
能力,Ｍ感覚,2

経験,精液経験,5
経験,口交経験,1
経験,乳交経験,1

CSTR,称号,落第淫魔,;職業とか種族とかあだ名とか
CSTR,種族,淫魔,             ;サキュバスちゃん。その行為を見ればいやでも理解できるはずです。
CSTR,学年,浮浪者,	;学年とか教師とか
CSTR,建议,淫精の伝道師,	;アドバイザーの時に発揮される力
;CSTR,仕事,,		;仕事名_属性1_属性2_…_属性nを/区切りで複数指定して記述する
CSTR,陰毛的喜好,自然,;脱毛処理orツルツルorお手入れ済orナチュラルor生え放題 から選択。それを可能なら維持します
CSTR,腋毛的喜好,自然,;脱毛処理orツルツルor生え放題 から選択。それを可能なら維持します
CSTR,喜欢的颜色,淡色,	;下着などで好む色です。通常の色の他、ランダム選択となる Ｈな色、おとなしい色 が指定できます
CSTR,関係,借住,		;CSV記述の物が初期関係となる。……まぁ本質はセフレだけどな

CSTR,喜欢的胖次,褶边の胖次/低腰胖次/條紋胖次,	;好きなパンツです。普段のパンツで穿きます。/区切りで複数指定OK。@PALAM_PANTIES の各LOCALSの先頭の文字列を/で区切ったもの、例えば フリルのパンツ/紐パン と記述する
CSTR,讨厌的胖次,透明,	;自分からは穿かないパンツです。指定可能なのは好きなパンツと一緒
CSTR,喜欢的胸罩,无胸罩,	;パンツ同様、好きなブラです。@PALAM_BRA の各LOCALSの先頭の文字列を/で区切ったもの、例えば シンプルブラ/チューブトップ と記述する
CSTR,讨厌的胸罩,胸罩,	;パンツ同様

;CSTR,お茶,,		;ここに記述されているものを飲み物として用意してくれます
;CSTR,好きなもの,,	;フレーバーです。/区切りで複数設定できます。例：ぬいぐるみ/料理
;CSTR,嫌いなもの,,	;フレーバーです。/区切りで複数設定できます。例：いも虫/トランプ

CSTR,髪色,紫髪,
CSTR,髪長,長,
CSTR,前髪,自然刘海,
CSTR,後髪,自然,
CSTR,改髪,无特殊髪型,
CSTR,呆毛,无呆毛,
CSTR,蝴蝶結,无蝴蝶結,

CSTR,瞳色,紫,
CSTR,眼形,垂眼,
CSTR,白眼,有眼白,
CSTR,眉形,通常眉,
CSTR,嘴形,へ字,
