﻿番号,100,
名前,帕图拉,
呼び名,帕图拉,
CSTR,ふりがな,ぱとら,

フラグ,夜型,1

基礎,体力,2600

素質,外見年齢,3
素質,高大
素質,巨乳
素質,坏心眼
素質,聰慧
素質,冷静
素質,Ｖ性向
素質,难以妊娠,2
素質,天性の舌靈活
素質,天性の腰靈活
素質,不在乎貞操
素質,薬毒耐性
素質,肤色,1
素質,子宮性感
素質,Ｖ名器,2
素質,小悪魔
素質,角,1

能力,技巧,3
能力,奉仕精神,2
能力,Ｃ感覚,1
能力,Ｖ感覚,2
能力,Ａ感覚,0
能力,Ｂ感覚,1
能力,Ｍ感覚,1
能力,施虐属性,1

経験,自慰経験,7
経験,Ｖ経験,126
経験,Ｖ性交経験,35
経験,精液経験,25
経験,口交経験,3
経験,手淫経験,31
経験,腰靈活経験,17
経験,乳交経験,4

CSTR,称号,冷冷的恶魔女仆
CSTR,種族,悪魔,
CSTR,学年,浮浪者
CSTR,建议,精力増大
CSTR,関係,女仆

CSTR,喜欢的体位,騎乗位
CSTR,喜欢的胖次,蕾丝的胖次/褶边の胖次/透明胖次/
CSTR,喜欢的胸罩,蕾丝胸罩/褶边の胸罩/透明胸罩/

CSTR,髪色,紫髪,
CSTR,髪長,披肩,
CSTR,前髪,乱髪,
CSTR,後髪,自然,
CSTR,改髪,无特殊髪型,
CSTR,呆毛,无呆毛,
CSTR,蝴蝶結,无蝴蝶結,

CSTR,瞳色,紫,
CSTR,眼形,吊眼,
CSTR,白眼,有眼白,
CSTR,眉形,斜眉,
CSTR,嘴形,△,
