﻿番号,55,
名前,都築紬希,
呼び名,紬希,
CSTR,ふりがな,つむぎ,

;フラグ,夜型,1,		;これがONだと部室には現れず、自宅にのみ現れる
フラグ,好感度,0
基礎,体力,1700

素質,阴茎,0		;0短小, 1並, 2巨根, 3馬並, 4腕並, 5規格外
素質,包茎,1,		;0ズル剥け, 1仮性包茎, 2真性包茎
素質,陰核肥大,0,		;巨クリ。MAX3
素質,男性,
素質,伪娘,
素質,外見年齢,2,
素質,兩面通吃
素質,魅力
素質,坦率,
素質,温柔,
素質,清楚
素質,献身,
素質,童貞,
素質,Ｂ性向
素質,炮友,1,		;1自分から望んだセフレ, 2セフレ契約(魂と引き換えにＨ許可), 3性処理契約(魂を多めに差し出す代わりに、あなたの自由度が高い)


;信頼～尿道感覚は10LVでだいたいMAXです(上限自体は99LV)
;少しあるなら１、結構あるなら２～３、かなりあるなら４～５、程度が良いでしょう
能力,信頼,3,
能力,欲望,3,
能力,Ｃ感覚,1,	;Ｃ感覚はＰ感覚(ちんこの感度)も含む
;この４つは５LVでだいたいMAXです(上限自体は99LV)
;少しあるなら１、結構あるなら２、かなりあるなら３、程度が良いでしょう
能力,受虐属性,1,

CSTR,称号,純情伪娘,;職業とか種族とかあだ名とか
CSTR,学年,２年生,;学年とか教師とか
CSTR,喜欢的房间,,	;同棲した際に居つく場所（自室を持っているうえでよく居ます）。未設定なら自分の部屋にいます
CSTR,出現場所,书店/书店/书店/书店/ビデオ屋/ビデオ屋/ビデオ屋/便利店/便利店/内衣店/ランジェリーショップ/内衣店,
;帰り道でよく寄る場所。/区切りで複数設定できます(複数書かれた場所に行きやすい)。
CSTR,建议,罗曼蒂克,	;アドバイザーの時に発揮される力
CSTR,仕事,,		;仕事名_属性1_属性2_…_属性nを/区切りで複数指定して記述する
CSTR,陰毛的喜好,白虎,	;パイパンor脱毛処理orツルツルorお手入れ済orナチュラルor生え放題 から選択。それを可能なら維持します。パイパンは毛が伸びません
CSTR,腋毛的喜好,無毛,	;無毛or脱毛処理orツルツルor生え放題 から選択。それを可能なら維持します。無毛は毛が伸びません
CSTR,喜欢的颜色,淡色,		;下着などで好む色です。通常の色の他、ランダム選択となる Ｈな色、おとなしい色 が指定できます
CSTR,関係,幼馴染,		;CSV記述の物が初期関係となる。……まぁ本質はセフレだけどな

;正常位, 後背位, 屈曲位, 対面座位, 背面座位, 騎乗位, 押し倒し騎乗位
;アナル正常位, アナル後背位, アナル屈曲位, アナル対面座位, アナル背面座位, アナル騎乗位, 押し倒しアナル騎乗位
;貝合わせ
;尿道正常位, 尿道後背位, 尿道屈曲位, 尿道対面座位, 尿道背面座位, 尿道騎乗位, 押し倒し尿道騎乗位
;の中から好きなものを2つまで選んで/で区切って指定できる。
;例1)CSTR,好きな体位,正常位,
;例2)CSTR,好きな体位,正常位/押し倒し騎乗位,
CSTR,喜欢的体位,,

CSTR,喜欢的胖次,没穿内褲/Ｈ的胖次/褶边の胖次/繩系胖次,	;好きなパンツです。普段のパンツで穿きます。/区切りで複数指定OK。@PALAM_PANTIES の各LOCALSの先頭の文字列を/で区切ったもの、例えば フリルのパンツ/紐パン と記述する
CSTR,讨厌的胖次,,	;自分からは穿かないパンツです。指定可能なのは好きなパンツと一緒
CSTR,喜欢的胸罩,无胸罩/Ｈ的胸罩/褶边胸罩/抹胸胸罩,	;パンツ同様、好きなブラです。@PALAM_BRA の各LOCALSの先頭の文字列を/で区切ったもの、例えば シンプルブラ/チューブトップ と記述する
CSTR,讨厌的胸罩,,	;パンツ同様
;□□□□□【プロフィール】□□□□□
CSTR,茶,ココア/ジャスミン茶/紅茶/花茶/麦茶/ほうじ茶/緑茶,;ここに記述されているものを飲み物として用意してくれます
CSTR,点心,曲奇_亲手自制/素油炸のポテトとオニオンリング_亲手自制/生巧克力/戚风蛋糕/

CSTR,喜欢的东西,CALLNAME:MASTER/蛋糕/可愛い服/りんご,	;フレーバーです。/区切りで複数設定できます。例：ぬいぐるみ/料理
CSTR,讨厌的东西,虫/力仕事/男扱いされること,	;フレーバーです。/区切りで複数設定できます。例：いも虫/トランプ
;□□□□□【顔グラ】□□□□□
CSTR,種族,人类,
CSTR,髪色,黒髪,
CSTR,髪長,長,
CSTR,前髪,透明刘海３,
CSTR,後髪,外八,
CSTR,改髪,马尾辫,
CSTR,呆毛,无呆毛,
CSTR,蝴蝶結,无蝴蝶結,
CSTR,瞳色,焦茶,
CSTR,眼形,垂眼,
CSTR,白眼,有眼白,
CSTR,眉形,斜眉,
CSTR,嘴形,微笑,
