﻿番号,34,
名前,望木真,
呼び名,真,
CSTR,ふりがな,まこと,

基礎,体力,1800

相性,1,120,
相性,35,110,
相性,48,120,

素質,処女,
素質,外見年齢,2,
素質,阴茎,2,		;巨根
素質,容易濕,
素質,早漏,
素質,内気,
素質,好奇心,
素質,害羞,
素質,接受快感,
素質,倒錯的,
素質,料理擅長,1,
素質,真面目,
素質,禁断的知識,2,
素質,汚臭鈍感,
素質,容易中毒,
素質,兩面通吃,
素質,性豪,
素質,具現,
素質,天性の指靈活,
素質,Ｃ性向,

能力,欲望,3,
能力,技巧,1,
能力,Ｃ感覚,3,
能力,受虐属性,2,
能力,施虐属性,1,
能力,自慰中毒,3,

経験,Ｖ経験,10
経験,Ａ経験,2
経験,絶頂経験,25
経験,射精経験,30
経験,自慰経験,50
経験,腰靈活経験,5
経験,特別経験,1


CSTR,特別経験,/扶她化： ???日目 自己的具現の力で阴茎を生やした/

CSTR,称号,具現少女,
CSTR,学年,１年生,
CSTR,出現場所,レンタルショップ/レンタルショップ/便利店/公園,
CSTR,建议,好奇の視線,
CSTR,陰毛的喜好,自然,
CSTR,腋毛的喜好,光滑无毛,
CSTR,喜欢的颜色,淡色,
CSTR,関係,後輩,

CSTR,喜欢的胖次,褶边の胖次,
CSTR,喜欢的胸罩,褶边の胸罩,
CSTR,茶,コーラ/ジュース/ミルクティー/咖啡館俺
CSTR,点心,さきイカ/乳酪鱈/サラミ/柿ピー
CSTR,喜欢的东西,オタクコンテンツ/乳酪/漢堡肉,	;フレーバーです。/区切りで複数設定できます。例：ぬいぐるみ/料理
CSTR,讨厌的东西,名前弄り/ホラー/ワサビ/酔っ払うこと,	;フレーバーです。/区切りで複数設定できます。例：いも虫/トランプ

CSTR,種族,人类,
CSTR,髪色,黒髪,
CSTR,髪長,中等長度,
CSTR,前髪,Ｍ字刘海,
CSTR,後髪,直髪,
CSTR,改髪,无特殊髪型,
CSTR,呆毛,无呆毛,
CSTR,蝴蝶結,无蝴蝶結,
CSTR,瞳色,焦茶,
CSTR,眼形,普通眼,
CSTR,白眼,有眼白,
CSTR,眉形,斜眉,
CSTR,嘴形,微笑,