﻿番号,46,
名前,诺伊.德米那,
呼び名,诺伊,
CSTR,ふりがな,のい,

;どう見ても子どもにしか見えない社会科の教師
;明るくこれまた子供っぽい性格をしており、生徒からは教師というより友達感覚で扱われることが多い
;正体は堕天使であり、主天使の位にあったとか
;長く生きてきたということもあり、性経験は豊富
;フラグ,夜型,1,		;これがONだと部室には現れず、自宅にのみ現れる
フラグ,ＮＴＲ禁止,0,	;1だとあなた以外とのＨをすべて禁止する。2だと部員相手は許すが、知らない相手とはＨしない。ゲーム中では一切変更されません

相性,25,120,

基礎,体力,2800

素質,男性,
素質,阴茎,2,		;0短小, 1並, 2巨根, 3馬並, 4腕並, 5規格外
素質,包茎,0,		;0ズル剥け, 1仮性包茎, 2真性包茎
素質,外見年齢,1,
素質,坦率,
素質,好奇心,
素質,不知羞恥,
素質,兩面通吃,
素質,錬金術,
素質,魅力,
素質,好色,
素質,真面目,
素質,腸液分泌体質,
素質,性交熟達,2,
素質,縦深菊穴,
素質,大力士,1,
素質,肚脐环,
素質,甜言蜜语,2,
素質,肤色,2,


;信頼～尿道感覚は10LVでだいたいMAXです(上限自体は99LV)
;少しあるなら１、結構あるなら２～３、かなりあるなら４～５、程度が良いでしょう
能力,欲望,1,
能力,技巧,5,
能力,Ｃ感覚,5,
能力,Ａ感覚,4,
能力,Ｍ感覚,3,
能力,受虐属性,1,
能力,施虐属性,1,
能力,精液中毒,1,
能力,Ａ拡張,3,
能力,Ａ技術,3,
能力,舌靈活,4
能力,指靈活,5
能力,腰靈活,5


経験,Ａ経験,100,
経験,絶頂経験,120,
経験,射精経験,70,
経験,自慰経験,50,
経験,処女簒奪経験,3,
経験,Ａ性交経験,55,
経験,Ｖ挿入経験,70,
経験,Ａ挿入経験,30,
経験,肛内精液経験,40,
経験,精飲経験,15,
経験,精液経験,55,
経験,奉仕快楽経験,120,
経験,口交経験,35,
経験,手淫経験,20,
経験,足交経験,10,
経験,腰靈活経験,160,
経験,玩弄Ａ経験,10,
経験,舐陰経験,45,
経験,尿道責め経験,10,
経験,被虐快楽経験,30,
経験,嗜虐快楽経験,55,
経験,露出経験,10,
経験,羞恥快楽経験,10,
経験,ＢＬ経験,95,
経験,Ａ拡張経験,10,
経験,媚薬経験,25,
経験,避孕套挿入経験,40,
経験,撮影経験,5,
経験,清洁口交経験,10,
経験,清洁舔阴経験,25,
経験,尿道拡張経験,10
経験,孕ませ経験,2,
経験,ＡＶ出演経験,1,

CSTR,称号,合法社会科教師,		;職業とか種族とかあだ名とか
CSTR,種族,堕天使_天使,		;種族名_補足_補足_…と記述する。例：猫の獣人だと 獣人_猫、取引の出来ない悪魔なら 悪魔_取引不能、など
CSTR,学年,教師,		;学年とか教師とか
CSTR,喜欢的房间,,	;同棲した際に居つく場所（自室を持っているうえでよく居ます）。未設定なら自分の部屋にいます
CSTR,出現場所,,		;帰り道でよく寄る場所。/区切りで複数設定できます(複数書かれた場所に行きやすい)。例：本屋/本屋/コンビニ/コンビニ/コンビニ/ランジェリーショップ
CSTR,建议,堕天使の甘言＆欺诈师,	;アドバイザーの時に発揮される力
CSTR,仕事,教師_社会科,		;仕事名_属性1_属性2_…_属性nを/区切りで複数指定して記述する
CSTR,陰毛的喜好,白虎,	;パイパンor脱毛処理orツルツルorお手入れ済orナチュラルor生え放題 から選択。それを可能なら維持します。パイパンは毛が伸びません
CSTR,腋毛的喜好,無毛,	;無毛or脱毛処理orツルツルor生え放題 から選択。それを可能なら維持します。無毛は毛が伸びません
CSTR,喜欢的颜色,黒,		;下着などで好む色です。通常の色の他、ランダム選択となる Ｈな色、おとなしい色 が指定できます
CSTR,関係,見学者,		;CSV記述の物が初期関係となる。……まぁ本質はセフレだけどな
CSTR,CEVENT,淫紋：寄生/,

;正常位, 後背位, 屈曲位, 対面座位, 背面座位, 騎乗位, 押し倒し騎乗位
;アナル正常位, アナル後背位, アナル屈曲位, アナル対面座位, アナル背面座位, アナル騎乗位, 押し倒しアナル騎乗位
;貝合わせ
;尿道正常位, 尿道後背位, 尿道屈曲位, 尿道対面座位, 尿道背面座位, 尿道騎乗位, 押し倒し尿道騎乗位
;の中から好きなものを2つまで選んで/で区切って指定できる。
;例1)CSTR,好きな体位,正常位,
;例2)CSTR,好きな体位,正常位/押し倒し騎乗位,
CSTR,喜欢的体位,肛門後背位,

CSTR,喜欢的胖次,,	;好きなパンツです。普段のパンツで穿きます。/区切りで複数指定OK。@PALAM_PANTIES の各LOCALSの先頭の文字列を/で区切ったもの、例えば フリルのパンツ/紐パン と記述する
CSTR,讨厌的胖次,,	;自分からは穿かないパンツです。指定可能なのは好きなパンツと一緒
CSTR,喜欢的胸罩,无胸罩,	;パンツ同様、好きなブラです。@PALAM_BRA の各LOCALSの先頭の文字列を/で区切ったもの、例えば シンプルブラ/チューブトップ と記述する
CSTR,讨厌的胸罩,,	;パンツ同様

CSTR,茶,サイダー,		;ここに記述されているものを飲み物として用意してくれます
CSTR,点心,ドーナツ,		;ここに記述されているものを部室の食べ物として用意してくれます。_手作り とすると手作りになる。例：プリン_手作り/ポテチ
CSTR,喜欢的东西,辣的食物/甜食/游戏,	;フレーバーです。/区切りで複数設定できます。例：ぬいぐるみ/料理
CSTR,讨厌的东西,,	;フレーバーです。/区切りで複数設定できます。例：いも虫/トランプ

CSTR,髪色,銀髪,
CSTR,髪長,巻髪,
CSTR,前髪,自然刘海,
CSTR,後髪,卷髪,
CSTR,改髪,无特殊髪型,
CSTR,呆毛,无呆毛,
CSTR,蝴蝶結,无蝴蝶結,

CSTR,瞳色,金,
CSTR,眼形,吊眼,
CSTR,白眼,有眼白,
CSTR,眉形,短憤怒眉,
CSTR,嘴形,大口,
