﻿番号,47,
名前,莉迪亚,
呼び名,莉迪亚,
CSTR,ふりがな,りでぃあ,


基礎,体力,2400
素質,処女,
素質,吸精体質,4
素質,娇小,2
素質,容易濕,
素質,母乳体質
素質,苗条
素質,尾巴
素質,Ｖ名器,5
素質,外見年齢,1,
素質,真面目,
素質,動物耳,
素質,易出汗,
素質,子宮性感
素質,天性の指靈活,
素質,天性の腰靈活,
素質,小尻,
素質,絶頂失禁体質,
素質,妊娠不能,
素質,甜言蜜语,2  ;あることないことは言えないが魔術で無理やりその気にさせる。。
;信頼～尿道感覚は10LVでだいたいMAXです(上限自体は99LV)
;少しあるなら１、結構あるなら２～３、かなりあるなら４～５、程度が良いでしょう
能力,Ｃ感覚,5,	;Ｃ感覚はＰ感覚(ちんこの感度)も含む
能力,Ｖ感覚,5,
能力,Ｂ感覚,5,
能力,尿道感覚,5,

;この４つは５LVでだいたいMAXです(上限自体は99LV)
;少しあるなら１、結構あるなら２、かなりあるなら３、程度が良いでしょう

経験,絶頂経験,2



CSTR,髪色,銀髪,
CSTR,髪長,短,
CSTR,前髪,斜刘海,
CSTR,後髪,自然,
CSTR,改髪,三股辫,
CSTR,呆毛,无呆毛,
CSTR,蝴蝶結,无蝴蝶結,
CSTR,瞳色,金_青,
CSTR,眼形,垂眼,
CSTR,白眼,有眼白,
CSTR,眉形,通常眉,
CSTR,嘴形,無口系,
 

CSTR,称号,改造幼猫
CSTR,種族,獣人_猫,		;種族名_補足_補足_…と記述する。例：猫の獣人だと 獣人_猫、取引の出来ない悪魔なら 悪魔_取引不能、など
CSTR,学年,浮浪者,		;学年とか教師とか
CSTR,喜欢的房间,,	;同棲した際に居つく場所（自室を持っているうえでよく居ます）。未設定なら自分の部屋にいます
CSTR,出現場所,/超市/スーパー/神社/神社/神社,		;帰り道でよく寄る場所。/区切りで複数設定できます(複数書かれた場所に行きやすい)。例：本屋/本屋/コンビニ/コンビニ/コンビニ/ランジェリーショップ
CSTR,建议,痛痛飞走啦,	;アドバイザーの時に発揮される力
CSTR,仕事,,		;仕事名_属性1_属性2_…_属性nを/区切りで複数指定して記述する
CSTR,陰毛的喜好,白虎,	;パイパンor脱毛処理orツルツルorお手入れ済orナチュラルor生え放題 から選択。それを可能なら維持します。パイパンは毛が伸びません
CSTR,腋毛的喜好,無毛,	;無毛or脱毛処理orツルツルor生え放題 から選択。それを可能なら維持します。無毛は毛が伸びません
CSTR,喜欢的颜色,青,		;下着などで好む色です。通常の色の他、ランダム選択となる Ｈな色、おとなしい色 が指定できます
CSTR,関係,飼い猫,;CSV記述の物が初期関係となる。……まぁ本質はセフレだけどな

CSTR,讨厌的胖次,Ｔ字褲/丁字褲/Ｃ胖次/開放型開洞胖次/後開型/Micro內褲/繩系胖次/皮革胖次/兜襠布/貞操帯/前貼/Ｈ的内衣 ,	;自分からは穿かないパンツです。指定可能なのは好きなパンツと一緒
CSTR,讨厌的胸罩,Ｈ的胸罩,	;パンツ同様

CSTR,茶,抹茶,
CSTR,点心,シュトレン,
CSTR,喜欢的东西,鼠/魚,	;フレーバーです。/区切りで複数設定できます。例：ぬいぐるみ/料理
CSTR,讨厌的东西,,	;フレーバーです。/区切りで複数設定できます。例：いも虫/トランプ

CSTR,CEVENT,淫紋：浸食/
