﻿番号,23,
名前,玛丽,;聖マリーナ
呼び名,玛丽,
CSTR,ふりがな,まりー,

基礎,体力,2200

;素質,ドラグーン,;エクソシスト
素質,外見年齢,3;お姉さん

素質,処女,
素質,巨乳,
素質,容易濕,
素質,絶頂失禁体質,

素質,温柔,
素質,贞操重视,
素質,難以越過的底線,
素質,献身,
素質,清楚,
素質,汚臭敏感,
素質,Ｃ性向,
素質,Ａ性向,
素質,疼痛無視,
素質,鼓舞,
素質,大力士,
素質,避妊の護符,
素質,天性の舌靈活,

素質,苗条,

能力,技巧,1
能力,奉仕精神,3

経験,自慰経験,10

CSTR,称号,現代の聖女,		;職業とか種族とかあだ名とか
CSTR,種族,人类_驱魔人,	;エクソシスト
CSTR,学年,３年生,		;学年とか教師とか
CSTR,喜欢的房间,居間,	;同棲した際に居つく場所（自室を持っているうえでよく居ます）。未設定なら自分の部屋にいます
CSTR,出現場所,神社/甜甜圈店/洋点心店/日式点心店/菠萝包店/便利店/书店/书店/内衣店/泳装屋,
CSTR,建议,再生,
;CSTR,仕事,,		;仕事名_属性1_属性2_…_属性nを/区切りで複数指定して記述する
CSTR,陰毛的喜好,保养完毕,	;脱毛処理orツルツルorお手入れ済orナチュラルor生え放題 から選択。それを可能なら維持します
CSTR,腋毛的喜好,光滑无毛,	;脱毛処理orツルツルor生え放題 から選択。それを可能なら維持します
CSTR,喜欢的颜色,純白,		;下着などで好む色です。通常の色の他、ランダム選択となる Ｈな色、おとなしい色 が指定できます
CSTR,関係,交易对象,		;CSV記述の物が初期関係となる。……まぁ本質はセフレだけどな

CSTR,喜欢的胖次,蕾丝的胖次/蕾丝的胖次/蕾丝的胖次/蕾丝的胖次/條紋胖次,	;好きなパンツです。普段のパンツで穿きます。/区切りで複数指定OK。@PALAM_PANTIES の各LOCALSの先頭の文字列を/で区切ったもの、例えば フリルのパンツ/紐パン と記述する
CSTR,讨厌的胖次,,	;自分からは穿かないパンツです。指定可能なのは好きなパンツと一緒
CSTR,喜欢的胸罩,蕾丝胸罩/蕾丝的胸罩/蕾丝胸罩/條紋胸罩,	;パンツ同様、好きなブラです。@PALAM_BRA の各LOCALSの先頭の文字列を/で区切ったもの、例えば シンプルブラ/チューブトップ と記述する
CSTR,讨厌的胸罩,,	;パンツ同様

CSTR,茶,紅茶/花茶,;ここに記述されているものを飲み物として用意してくれます
CSTR,喜欢的东西,祈祷/聖書/戦闘訓練/飞龙,	;フレーバーです。/区切りで複数設定できます。例：ぬいぐるみ/料理
CSTR,讨厌的东西,悪魔/卑鄙小人/学习,	;フレーバーです。/区切りで複数設定できます。例：いも虫/トランプ
CSTR,点心,马卡龙_亲手自制/カヌレ_亲手自制/巧克力,

CSTR,髪色,金髪,
CSTR,髪長,長,
CSTR,前髪,自然刘海,
CSTR,後髪,自然,
CSTR,改髪,无特殊髪型,
CSTR,呆毛,无呆毛,
CSTR,蝴蝶結,无蝴蝶結,

CSTR,瞳色,青,
CSTR,眼形,垂眼,
CSTR,白眼,无眼白,
CSTR,眉形,通常眉,
CSTR,嘴形,微笑,
