﻿;===========================================================
;  ミア
;-----------------------------------------------------------
番号,56,
名前,米娅,
呼び名,米娅,
CSTR,ふりがな,みあ,		;呼び名のふりがな。カタカナ名の人もひらがな推奨

基礎,体力,2000

;============================================================
;性別関係の特に重要な素質
;============================================================
素質,処女, 			;A特化だからね

;============================================================
;体質（本人の意思と関係なく、肉体の反応のみが影響するもの）
;============================================================
素質,外見年齢,2,
素質,娇小,			;作者の趣味
素質,貧乳, 			;作者の趣味
素質,性器年齢,
素質,縦深菊穴,

;============================================================
;特筆すべき体質。特技と言ってもいいほどです
;============================================================
素質,腸液分泌体質,	;絶対に入れるべきと思った素質
素質,吸精体質,1,	;サキュバスだから勿論ね
素質,拡張適性,		;快適なプレイの関係上、あったほうが良いと思っている
素質,Ａ名器,3, 		;設定上、無論名門

;============================================================
;[性格]（肉体の無い、いわば思念体状態で想像しても問題の無いもの…似たものは無くしたかったがニュアンスの違いで消しきれない！）
;============================================================
素質,温柔,
素質,不在乎貞操,
素質,聰慧,
素質,討厭女人,1,
素質,接受快感,

;============================================================
;独立した個性のある性格
;============================================================
素質,献身,
素質,好色,
素質,料理擅長,2,

;============================================================
;[特技]（ON/OFFで明確に区別できるもの。含バッドステート）
;============================================================
素質,性豪,
素質,天性の舌靈活
素質,天性の指靈活
素質,天性の腰靈活
素質,性交熟達,1

;============================================================
;[関係]主人からの特筆すべき関係。恋慕だけは別格なのでここにも書くが他は違う場所に表示
;============================================================
素質,炮友,1,		;性処理契約を結び、男から精を絞りつくそうとする

;============================================================
;[嗜好]攻められるのが好きな部位や感じてしまう部位などです（心と体の両方が影響するもの）
;============================================================
素質,Ａ性向,		;当然！
素質,尻穴狂い,
素質,精液弱点,3,
素質,結腸性感,

;============================================================
;[好きな体位]
;============================================================
CSTR,喜欢的体位,肛門後背位/肛門騎乗位

;============================================================
;外見特徴(素質表示の欄には書かない)180,動物耳～184,動物足については本体側でCSTR:種族を元に値を調整するので数値は1でよい
;============================================================
素質,角,1,
素質,肤色,2,
素質,精灵耳,1,
素質,苗条,

;============================================================
;避妊方法など
;============================================================
素質,避孕套派,-1,		;ゴムが大っ嫌い。そりゃ吸精できなくなるからね

;============================================================
;  能力設定
;============================================================
能力,信頼,0,
能力,欲望,5,
能力,技巧,5,
能力,奉仕精神,5,
能力,露出癖,5,
能力,Ｃ感覚,0,
能力,Ｖ感覚,0,
能力,Ａ感覚,4,
能力,Ｂ感覚,0,
能力,Ｍ感覚,0,
能力,尿道感覚,0,
能力,Ａ拡張,0,
能力,指靈活,4,
能力,舌靈活,4,
能力,腰靈活,7,
能力,Ａ技術,3,

;この４つは５LVでだいたいMAXです(上限自体は99LV)
;少しあるなら１、結構あるなら２、かなりあるなら３、程度が良いでしょう
能力,受虐属性,1,
能力,施虐属性,3,
能力,自慰中毒,0,
能力,精液中毒,3,

;============================================================
;  経験
;============================================================
経験,Ｖ経験,0,
経験,Ｖ性交経験,0,
経験,Ａ経験,50,
経験,Ａ性交経験,50,
経験,童貞狩猎経験,30,
経験,肛内精液経験,200,
経験,精液経験,50,
経験,絶頂経験,50,
経験,口交経験,20,
経験,手淫経験,20,
経験,腰靈活経験,100,

;===========================================================
;  プロフィール
;===========================================================
CSTR,称号,后庭魅魔,
CSTR,種族,悪魔,
CSTR,学年,１年生,
CSTR,喜欢的房间,居間,
CSTR,出現場所,便利店/内衣店/アダルトショップ/書店,
CSTR,建议,小悪魔の轻语,
CSTR,仕事,,
CSTR,陰毛的喜好,白虎,
CSTR,腋毛的喜好,無毛,
CSTR,喜欢的颜色,淡色,
CSTR,関係,炮友,

;============================================================
; 好き嫌いなもの
;============================================================
CSTR,喜欢的胖次,,	;好きなパンツです。普段のパンツで穿きます。/区切りで複数指定OK。@PALAM_PANTIES の各CASEで分けられた文字列を/で区切ったもの、例えば フリルのパンツ/紐パン と記述する
CSTR,讨厌的胖次,,	;自分からは穿かないパンツです。指定可能なのは好きなパンツと一緒
CSTR,喜欢的胸罩,,	;パンツ同様、好きなブラです。@PALAM_BRA の各CASEを/で区切ったもの、例えば シンプルブラ/チューブトップ と記述する
CSTR,讨厌的胸罩,,	;パンツ同様

CSTR,茶,,			;ここに記述されているものを飲み物として用意してくれます
CSTR,点心,,		;ここに記述されているものを部室の食べ物として用意してくれます。_手作り とすると手作りになる。例：プリン_手作り/ポテチ
CSTR,喜欢的东西,,	;フレーバーです。/区切りで複数設定できます。例：ぬいぐるみ/料理
CSTR,讨厌的东西,,	;フレーバーです。/区切りで複数設定できます。例：いも虫/トランプ

;===========================================================
; 外見的特徴
;===========================================================
CSTR,髪色,黒髪,
CSTR,髪長,長,
CSTR,前髪,斜刘海,
CSTR,後髪,直髪,
CSTR,改髪,侧盘头,
CSTR,呆毛,呆毛,
CSTR,蝴蝶結,无蝴蝶結,

CSTR,瞳色,赤,
CSTR,眼形,垂眼,
CSTR,白眼,有眼白,
CSTR,眉形,困扰眉,
CSTR,嘴形,ω,

