﻿番号,15,
名前,槞彁,
呼び名,槞彁,
CSTR,ふりがな,槞彁,

フラグ,夜型,1,		;これがONだと部室には現れず、自宅にのみ現れる
フラグ,ＮＴＲ禁止,2,	;1だとあなた以外とのＨをすべて禁止する。2だと部員相手は許すが、知らない相手とはＨしない。ゲーム中では一切変更されません

基礎,体力,1300

素質,外見年齢,2
素質,娇小,
素質,巨乳,
素質,容易濕,
素質,聰慧,
素質,内気,
素質,坦率,
素質,害羞,
素質,接受快感,
素質,清楚,
素質,自制心,
素質,容易中毒,
素質,肤色,2,
素質,精灵耳,2,
素質,角,1,
素質,翼,1

CSTR,髪色,黒髪,
CSTR,髪長,長,
CSTR,前髪,乱髪,
CSTR,後髪,卷髪,
CSTR,改髪,无特殊髪型,
CSTR,呆毛,呆毛,
CSTR,蝴蝶結,无蝴蝶結,

CSTR,瞳色,赤,
CSTR,眼形,垂眼,
CSTR,白眼,无眼白,
CSTR,眉形,困扰眉,
CSTR,嘴形,無口系,

能力,欲望,1
能力,技巧,1
能力,Ｃ感覚,2
能力,Ｖ感覚,2
能力,Ａ感覚,1
能力,Ｂ感覚,1
能力,Ｍ感覚,1
能力,自慰中毒,3

CSTR,称号,魔界人(悪魔)
CSTR,種族,悪魔_魔界人_取引不能,
CSTR,学年,不法侵入

CSTR,建议,理性主義


CSTR,陰毛的喜好,自然
CSTR,腋毛的喜好,光滑无毛
CSTR,喜欢的颜色,淡色
CSTR,関係,借住

