﻿番号,52,
名前,小鳥遊静菜,
呼び名,静菜,
CSTR,ふりがな,しずな,

フラグ,同居,1p13,	;週末のみ同棲
;フラグ,夜型,1,		;これがONだと部室には現れず、自宅にのみ現れる

基礎,体力,1800

素質,外見年齢,4,	;生きている年数とは無関係で、純粋に見た目が属する区分。あくまで目安だが、1は中学生以下、2は高校生、3は大学生、4は社会人で通じる見た目
;素質,童顔,1,		;外見年齢より顔立ちが若く見えます。
素質,巨乳,2,		;ABL:Ｂ感覚が上げにくい。胸関連の調教にボーナス
素質,陥没乳頭,1,	;乳首が陥没してます。1で仮性、2で真性
素質,巨乳輪,3,		;乳輪が大きい。MAX3

素質,容易濕,	;PALAM:Ｖ潤が上がりやすい
素質,絶頂失禁体質,	;絶頂時に尿道が緩んでしまいます。
素質,Ｖ名器,		;生まれ持ってのＶ名器

素質,謙虚,
素質,温柔,		;コマンドを実行しやすい。
素質,保守的,
素質,難以越過的底線,	;好感度が上がりづらい

素質,献身,		;奉仕系調教を実行しやすい。ABL:奉仕精神が上げやすい。PALAM:屈服が上がりやすい。
素質,倒錯的,		;SM等、通常反発される調教の効果が高い。ABLが全体的に上がりやすい

素質,料理擅長,		;料理が上手です。1LVの時点で自炊の範囲なら万能。2LVあれば料理を職に出来る。

素質,汚臭鈍感,
素質,害羞,

素質,天性の腰靈活,	
素質,天性の舌靈活,	
素質,Ｖ性向,		;Ｖで快感を得る事を好む。対応した珠の取得+50％。感度自体には影響なし
素質,Ｍ性向,		;Ｍで快感を得る事を好む。対応した珠の取得+50％。感度自体には影響なし

素質,有男朋友,2,	;性交渉する特定の相手がいます。=2人妻

素質,苗条,		;腰が細い。相対値です。キャラ作成が終わると失います
素質,避孕套派,1,		;ゴム派
素質,口服避孕薬派,-1,		;ピル嫌い


;信頼～尿道感覚は10LVでだいたいMAXです(上限自体は99LV)
;少しあるなら１、結構あるなら２～３、かなりあるなら４～５、程度が良いでしょう

能力,信頼,1,
能力,欲望,2
能力,技巧,3
能力,奉仕精神,2
能力,Ｃ感覚,1
能力,Ｖ感覚,3
能力,Ｂ感覚,2
能力,Ｍ感覚,1
能力,受虐属性,1

経験,自慰経験,20
経験,Ｖ経験,45
経験,Ｖ性交経験,30
経験,童貞狩猎経験,1
経験,精液経験,30
経験,精飲経験,10
経験,奉仕快楽経験,15
経験,口交経験,20
経験,手淫経験,15
経験,腰靈活経験,20
経験,乳交経験,15
経験,膣内精液経験,15

CSTR,CEVENT,合意禁止：危険日生性交/,

CSTR,称号,人妻教師,	;職業とか種族とかあだ名とか
CSTR,種族,人类,
CSTR,学年,教師,		;学年とか教師とか

CSTR,喜欢的房间,,	;同棲した際に居つく場所（自室を持っているうえでよく居ます）。未設定なら自分の部屋にいます
CSTR,出現場所,,		;帰り道でよく寄る場所。/区切りで複数設定できます(複数書かれた場所に行きやすい)。例：本屋/本屋/コンビニ/コンビニ/コンビニ/ランジェリーショップ
CSTR,建议,包容力,	;アドバイザーに選ばれている時に限り、パートナーの恐怖と反感を軽減
CSTR,仕事,,		;仕事名_属性1_属性2_…_属性nを/区切りで複数指定して記述する

CSTR,陰毛的喜好,自然,	;脱毛処理orツルツルorお手入れ済orナチュラルor生え放題 から選択。それを可能なら維持します
CSTR,腋毛的喜好,光滑无毛,	;脱毛処理orツルツルor生え放題 から選択。それを可能なら維持します
CSTR,喜欢的颜色,黒,		;下着などで好む色です。通常の色の他、ランダム選択となる Ｈな色、おとなしい色 が指定できます

CSTR,関係,隔壁的人妻,		;CSV記述の物が初期関係となる。……まぁ本質はセフレだけどな

CSTR,喜欢的体位,後背位,
;CSTR,好きなパンツ,レースのパンツ/フリルのパンツ/Ｔバック/Ｈな下着,	;好きなパンツです。普段のパンツで穿きます。/区切りで複数指定OK。@PALAM_PANTIES の各LOCALSの先頭の文字列を/で区切ったもの、例えば フリルのパンツ/紐パン と記述する
CSTR,喜欢的胖次,內褲,	;好きなパンツです。普段のパンツで穿きます。/区切りで複数指定OK。@PALAM_PANTIES の各LOCALSの先頭の文字列を/で区切ったもの、例えば フリルのパンツ/紐パン と記述する
CSTR,讨厌的胖次,兜襠布/貞操帯/褶边の胖次,	;自分からは穿かないパンツです。指定可能なのは好きなパンツと一緒
;CSTR,好きなブラ,レースのブラ/ハーフカップブラ/Ｈなブラ,	;パンツ同様、好きなブラです。@PALAM_BRA の各LOCALSの先頭の文字列を/で区切ったもの、例えば シンプルブラ/チューブトップ と記述する
CSTR,喜欢的胸罩,简约胸罩,	;パンツ同様、好きなブラです。@PALAM_BRA の各LOCALSの先頭の文字列を/で区切ったもの、例えば シンプルブラ/チューブトップ と記述する
CSTR,讨厌的胸罩,裹胸/褶边の胸罩,	;パンツ同様

CSTR,茶,緑茶,		;ここに記述されているものを飲み物として用意してくれます
CSTR,喜欢的东西,夫/睡眠/お菓子/動物,	;フレーバーです。/区切りで複数設定できます。例：ぬいぐるみ/料理
CSTR,讨厌的东西,,	;フレーバーです。/区切りで複数設定できます。例：いも虫/トランプ


CSTR,髪色,黒髪,
CSTR,髪長,中等長度,
CSTR,前髪,不对称２,
CSTR,後髪,直髪,
CSTR,改髪,无特殊髪型,
CSTR,呆毛,无呆毛,
CSTR,蝴蝶結,无蝴蝶結,

CSTR,瞳色,茶,
CSTR,眼形,垂眼,
CSTR,白眼,有眼白,
CSTR,眉形,短斜眉,
CSTR,嘴形,微笑,

