﻿番号,40
名前,織笠綾乃
呼び名,綾乃
CSTR,ふりがな,あやの,

基礎,体力,2800,

;そしつ

素質,外見年齢,1
素質,性器年齢,2
素質,巨乳,2
素質,娇小
素質,好奇心
素質,接受快感
素質,温柔
素質,不在乎貞操
素質,献身
素質,小悪魔
素質,容易濕,
素質,难以妊娠
素質,天性の指靈活,3
素質,性豪
素質,好色
素質,Ｖ名器,3
素質,甜言蜜语
素質,避孕套派,1
素質,炮友,1
素質,料理擅長


;のうりょく
能力,信頼,1
能力,欲望,3
能力,技巧,5
能力,奉仕精神,3
能力,露出癖,1
能力,Ｖ感覚,2
能力,施虐属性,1
能力,精液中毒,3
能力,指靈活,5
能力,魔乳,5

経験,絶頂経験,40
経験,自慰経験,15
経験,口交経験,20
経験,Ｖ経験,150
経験,Ｖ性交経験,80
経験,避孕套性交経験,60
経験,足交経験,10
経験,玩弄Ａ経験,10
経験,精液経験,500
経験,膣内精液経験,30
経験,精飲経験,30
経験,手淫経験,300
経験,腰靈活経験,40
経験,乳交経験,50
経験,童貞狩猎経験,46
経験,奉仕快楽経験,80
経験,嗜虐快楽経験,100
経験,羞恥快楽経験,2

;パンツとブラだけは/で区切られた２個目に色を記述する事
;しーえすてぃーあーる

CSTR,喜欢的体位,後背位/推倒騎乗位,

CSTR,称号,園芸部員,
CSTR,種族,淫魔_取引不能,
CSTR,学年,３年生,
CSTR,喜欢的房间,居間,
CSTR,出現場所,书店/书店/便利店/游戏中心/,
CSTR,建议,催精师,
CSTR,仕事,,
CSTR,陰毛的喜好,白虎,
CSTR,腋毛的喜好,無毛,
CSTR,喜欢的颜色,淡色,
CSTR,関係,炮友,

CSTR,喜欢的胖次,褶边の胖次/條紋胖次/水玉模様の胖次/Ｃ胖次/開放型開洞胖次/前貼/
CSTR,讨厌的胖次,兜襠布/
CSTR,喜欢的胸罩,褶边の胸罩/满杯胸罩/
CSTR,讨厌的胸罩,

CSTR,点心,ポテチ/ラスク_亲手自制/カップ蛋糕_亲手自制/おかき/ひとくち巧克力,
CSTR,茶,ミルクティー/はちみつ柠檬,
CSTR,喜欢的东西,童貞/年下の男の子/人の喜ぶ顔/鍋料理,
CSTR,讨厌的东西,虫/表情の動かない人/えっち以外の運動,

CSTR,髪色,茶髪,
CSTR,髪長,披肩,
CSTR,前髪,斜刘海,
CSTR,後髪,自然,
CSTR,改髪,无特殊髪型,
CSTR,呆毛,无呆毛,
CSTR,蝴蝶結,无蝴蝶結,

CSTR,瞳色,黒,
CSTR,眼形,普通眼,
CSTR,白眼,有眼白,
CSTR,眉形,通常眉,
CSTR,嘴形,大口,
