﻿番号,17
名前,小菊
呼び名,小菊
CSTR,ふりがな,こぎく,

フラグ,夜型,1,		;これがONだと部室には現れず、自宅にのみ現れる

基礎,体力,1400

素質,処女
素質,Ａ処女
素質,外見年齢,2
素質,娇小
素質,貧乳
素質,不易濕
素質,嘔吐反射耐性
素質,喉名器,2
素質,坦率
素質,不知羞恥
素質,不在乎貞操
素質,笨蛋
素質,感情缺乏
素質,薬毒耐性
素質,兩面通吃
素質,肤色,2

能力,信頼,1

経験,露出経験,3

CSTR,合意,检查阴部/

CSTR,称号,美術室の市松人形
CSTR,種族,人形_式神,
CSTR,学年,備品
CSTR,建议,抑制器,	;アドバイザーの時に発揮される力

CSTR,陰毛的喜好,自然,
CSTR,腋毛的喜好,随意生長,
CSTR,喜欢的颜色,淡色,
CSTR,関係,所有物

CSTR,喜欢的胖次,没穿内褲,
CSTR,喜欢的胸罩,无胸罩,
