﻿番号,39,
名前,小早川百合香,
呼び名,百合香,
CSTR,ふりがな,ゆりか,

;フラグ,夜型,1,		;これがONだと部室には現れず、自宅にのみ現れる
フラグ,好感度,0
基礎,体力,2000

素質,阴茎,2		;0短小, 1並, 2巨根, 3馬並, 4腕並, 5規格外
素質,包茎,0,		;0ズル剥け, 1仮性包茎, 2真性包茎
素質,乳頭肥大,1,		;乳首が大きい。MAX3
素質,陰核肥大,3,		;巨クリ。MAX3
素質,巨乳,
素質,処女
素質,討厭男人
素質,魅力
素質,坦率,
素質,温柔,
素質,清楚
素質,好色
素質,Ｖ名器,3
素質,Ｃ性向
素質,炮友,1,		;1自分から望んだセフレ, 2セフレ契約(魂と引き換えにＨ許可), 3性処理契約(魂を多めに差し出す代わりに、あなたの自由度が高い)


;信頼～尿道感覚は10LVでだいたいMAXです(上限自体は99LV)
;少しあるなら１、結構あるなら２～３、かなりあるなら４～５、程度が良いでしょう
能力,信頼,2,
能力,欲望,3,
能力,露出癖,3,
能力,Ｃ感覚,1,	;Ｃ感覚はＰ感覚(ちんこの感度)も含む
能力,Ｂ感覚,1,
;この４つは５LVでだいたいMAXです(上限自体は99LV)
;少しあるなら１、結構あるなら２、かなりあるなら３、程度が良いでしょう
能力,受虐属性,2,

経験,撮影経験,40
経験,露出経験,25
経験,自慰経験,8

CSTR,称号,白百合姫,		;職業とか種族とかあだ名とか
CSTR,学年,研究生,		;学年とか教師とか
CSTR,喜欢的房间,,	;同棲した際に居つく場所（自室を持っているうえでよく居ます）。未設定なら自分の部屋にいます
CSTR,出現場所,书店/ビデオ屋/ビデオ屋/ビデオ屋/便利店/便利店/便利店/内衣店/ランジェリーショップ/内衣店/ランジェリーショップ,
;帰り道でよく寄る場所。/区切りで複数設定できます(複数書かれた場所に行きやすい)。
CSTR,建议,包容力,	;アドバイザーの時に発揮される力
CSTR,仕事,,		;仕事名_属性1_属性2_…_属性nを/区切りで複数指定して記述する
CSTR,陰毛的喜好,白虎,	;パイパンor脱毛処理orツルツルorお手入れ済orナチュラルor生え放題 から選択。それを可能なら維持します。パイパンは毛が伸びません
CSTR,腋毛的喜好,無毛,	;無毛or脱毛処理orツルツルor生え放題 から選択。それを可能なら維持します。無毛は毛が伸びません
CSTR,喜欢的颜色,白/純白/淡色,		;下着などで好む色です。通常の色の他、ランダム選択となる Ｈな色、おとなしい色 が指定できます
CSTR,関係,前輩,		;CSV記述の物が初期関係となる。……まぁ本質はセフレだけどな

;正常位, 後背位, 屈曲位, 対面座位, 背面座位, 騎乗位, 押し倒し騎乗位
;アナル正常位, アナル後背位, アナル屈曲位, アナル対面座位, アナル背面座位, アナル騎乗位, 押し倒しアナル騎乗位
;貝合わせ
;尿道正常位, 尿道後背位, 尿道屈曲位, 尿道対面座位, 尿道背面座位, 尿道騎乗位, 押し倒し尿道騎乗位
;の中から好きなものを2つまで選んで/で区切って指定できる。
;例1)CSTR,好きな体位,正常位,
;例2)CSTR,好きな体位,正常位/押し倒し騎乗位,
CSTR,喜欢的体位,磨鏡/屈曲位,

CSTR,喜欢的胖次,没穿内褲/Ｈ的胖次/褶边の胖次/繩系胖次,	;好きなパンツです。普段のパンツで穿きます。/区切りで複数指定OK。@PALAM_PANTIES の各LOCALSの先頭の文字列を/で区切ったもの、例えば フリルのパンツ/紐パン と記述する
CSTR,讨厌的胖次,,	;自分からは穿かないパンツです。指定可能なのは好きなパンツと一緒
CSTR,喜欢的胸罩,无胸罩/Ｈ的胸罩/褶边胸罩/抹胸胸罩,	;パンツ同様、好きなブラです。@PALAM_BRA の各LOCALSの先頭の文字列を/で区切ったもの、例えば シンプルブラ/チューブトップ と記述する
CSTR,讨厌的胸罩,,	;パンツ同様

CSTR,茶,ココア/咖啡/紅茶/花茶/麦茶/ほうじ茶/緑茶,;ここに記述されているものを飲み物として用意してくれます
CSTR,点心,曲奇_亲手自制/生巧克力/芋ようかん/どら焼き/天然のたい焼き,

CSTR,喜欢的东西,葱,	;フレーバーです。/区切りで複数設定できます。例：ぬいぐるみ/料理
CSTR,讨厌的东西,男,	;フレーバーです。/区切りで複数設定できます。例：いも虫/トランプ
CSTR,種族,人类,

CSTR,髪色,黒髪,
CSTR,髪長,中等長度,
CSTR,前髪,斜刘海,
CSTR,後髪,自然,
CSTR,改髪,编起来,
CSTR,呆毛,无呆毛,
CSTR,蝴蝶結,无蝴蝶結,

CSTR,瞳色,茶,
CSTR,眼形,垂眼,
CSTR,白眼,有眼白,
CSTR,眉形,困扰眉,
CSTR,嘴形,微笑,
