﻿番号,21,
名前,蓬莱祥子,
呼び名,祥子,;ショーコ鼠がショ、火がコと読むらしい
CSTR,ふりがな,しょうこ,

;フラグ,夜型,1,		;これがONだと部室には現れず、自宅にのみ現れる

基礎,体力,1800

素質,処女,
素質,吸精体質,1
素質,外見年齢,3
素質,貧乳,
素質,巨尻,
素質,容易濕,
素質,発情体質,
素質,温柔,
素質,坦率,
素質,容易迷恋,
素質,献身,
素質,汚臭敏感,
素質,气味弱点,
素質,Ｖ性向,
素質,動物耳,
素質,尾巴,
素質,苗条,
素質,料理擅長,

能力,欲望,3
能力,Ｃ感覚,2
能力,Ｂ感覚,2
能力,Ｍ感覚,1
能力,自慰中毒,1

経験,自慰経験,10

CSTR,称号,見習火鼠,		;職業とか種族とかあだ名とか
CSTR,種族,獣人_火鼠_鼠,
CSTR,学年,３年生,		;学年とか教師とか
CSTR,関係,前輩,
CSTR,建议,调教师,	;アドバイザーの時に発揮される力 時間毎に欲求不満+10％
CSTR,陰毛的喜好,保养完毕,	;脱毛処理orツルツルorお手入れ済orナチュラルor生え放題 から選択。それを可能なら維持します
CSTR,腋毛的喜好,光滑无毛,	;脱毛処理orツルツルor生え放題 から選択。それを可能なら維持します
CSTR,喜欢的颜色,Ｈ的颜色,		;下着などで好む色です。通常の色の他、ランダム選択となる Ｈな色、おとなしい色 が指定できます

CSTR,喜欢的体位,後背位,
CSTR,喜欢的胖次,褶边の胖次/蕾丝的胖次,	;好きなパンツです。普段のパンツで穿きます。/区切りで複数指定OK。@PALAM_PANTIES の各LOCALSの先頭の文字列を/で区切ったもの、例えば フリルのパンツ/紐パン と記述する
CSTR,讨厌的胖次,,	;自分からは穿かないパンツです。指定可能なのは好きなパンツと一緒
CSTR,喜欢的胸罩,褶边の胸罩/蕾丝胸罩,	;パンツ同様、好きなブラです。@PALAM_BRA の各LOCALSの先頭の文字列を/で区切ったもの、例えば シンプルブラ/チューブトップ と記述する
CSTR,讨厌的胸罩,,	;パンツ同様

CSTR,茶,緑茶/麦茶,		;ここに記述されているものを飲み物として用意してくれます
CSTR,喜欢的东西,乳酪/大福,	;フレーバーです。/区切りで複数設定できます。例：ぬいぐるみ/料理
CSTR,讨厌的东西,犬/猫/水,	;フレーバーです。/区切りで複数設定できます。例：いも虫/トランプ

CSTR,髪色,黒髪,
CSTR,髪長,長,
CSTR,前髪,,
CSTR,後髪,,
CSTR,改髪,,
CSTR,呆毛,,
CSTR,蝴蝶結,,

CSTR,瞳色,,
CSTR,眼形,,
CSTR,白眼,,
CSTR,眉形,,
CSTR,嘴形,,
