﻿;===========================================================,,
;  ツェツィーリア,,
;-----------------------------------------------------------,,
;  This file is generated by era悪魔でメイド　キャラクターシートクリエイタースクリプト,,
;  Ver.1.00,,
;===========================================================,,
番号,3,
名前,西西莉亚,
呼び名,西西莉亚,
CSTR,ふりがな,つぇつぃーりあ,
;フラグ,夜型,1
基礎,体力,2000
;素質,処女,1
;素質,ゴム派,1,			;ゴム派
素質,吸精体質,1
;===========================================================,,
;  プロフィール,,
;===========================================================,,
CSTR,称号,年轻魔道士
CSTR,学年,３年生
CSTR,種族,人类_魔法使
CSTR,喜欢的房间,
CSTR,出現場所,书店/茶屋
CSTR,建议,天才肌
CSTR,仕事,論文書き
CSTR,関係,魔法の師匠
CSTR,喜欢的颜色,淡色
CSTR,茶,香草茶/紅茶
CSTR,喜欢的东西,书
CSTR,讨厌的东西,体育
;===========================================================,,
; 外見的特徴,,
;===========================================================,,
素質,女性,1
素質,外見年齢,2
CSTR,髪色,金髪,
CSTR,髪長,披肩,
CSTR,前髪,自然刘海,
CSTR,後髪,自然,
CSTR,改髪,无特殊髪型,
CSTR,呆毛,无呆毛,
CSTR,蝴蝶結,无蝴蝶結,

CSTR,瞳色,青,
CSTR,眼形,吊眼,
CSTR,白眼,无眼白,
CSTR,眉形,通常眉,
CSTR,嘴形,△,

CSTR,陰毛的喜好,自然
CSTR,腋毛的喜好,光滑无毛
;============================================================,,
;  性格設定,,
;============================================================,,
ABL,信頼,0
ABL,欲望,1
ABL,技巧,1
ABL,奉仕精神,0
ABL,露出癖,0
ABL,受虐属性,0
ABL,施虐属性,0
素質,好奇心,1
素質,容易迷恋,1
素質,強気,1
素質,冷静,1
素質,聰慧,1
;============================================================,,
;  性的嗜好,,
;============================================================,,
ABL,Ｃ感覚,1
ABL,Ｖ感覚,0
ABL,Ａ感覚,0
ABL,Ｂ感覚,1
ABL,Ｍ感覚,0
ABL,尿道感覚,0
ABL,自慰中毒,0
ABL,精液中毒,0
素質,Ｍ性向,1
素質,Ｖ性向,1
;============================================================,,
;  経験,,
;============================================================,,
経験,Ｖ経験,1
経験,Ｖ性交経験,0
経験,Ａ経験,0
経験,Ａ性交経験,0
経験,自慰経験,20
;============================================================,,
;  服飾設定,,
;============================================================,,
CSTR,喜欢的胖次,低腰胖次/低腰胖次/超低腰胖次/
CSTR,喜欢的胸罩,褶边の胸罩/褶边の胸罩/吊帯衫/

