﻿番号,38,
名前,安娜,
呼び名,安娜,
CSTR,ふりがな,あんな,

基礎,体力,2300 ;エキセントリックな感じらしいのでちょっと高めに

;素質,,
;身体特徴
素質,阴茎,2, 		;クソデカちんぽ
素質,包茎,2, 		;情けない真性包茎
素質,Ａ名器,2, 		;キツキツケツまんこ
素質,天性の腰靈活,	;遊び人修道女の嗜み
素質,Ａ性向,		;尻ごしごしすき
素質,Ｃ性向,		;ちんぽごしごしすき
素質,气味弱点,	;においすき
素質,縦深菊穴,	;使い過ぎ
素質,吸精体質,		;byインキュバス
素質,嘔吐反射耐性,	;慣れました
素質,具現,
素質,腸液分泌体質,


;精神特徴
素質,接受快感,,
素質,好奇心,
素質,好色,
素質,小悪魔,
素質,淫乱,
素質,喜歡引人注目,

;特技
素質,汚臭無視,
素質,疼痛無視,	;リザレクションの賜物
素質,性豪,		;さもありなん


;信頼～尿道感覚は10LVでだいたいMAXです(上限自体は99LV)
;少しあるなら１、結構あるなら２～３、かなりあるなら４～５、程度が良いでしょう
能力,欲望,4,
能力,技巧,5,
能力,奉仕精神,1,
能力,露出癖,1,
能力,Ｃ感覚,4,	;Ｃ感覚はＰ感覚(ちんこの感度)も含む
能力,Ｖ感覚,2,
能力,Ａ感覚,5,
能力,Ｂ感覚,2,
能力,Ｍ感覚,2,
能力,尿道感覚,1,


;この４つは５LVでだいたいMAXです(上限自体は99LV)
;少しあるなら１、結構あるなら２、かなりあるなら３、程度が良いでしょう
能力,受虐属性,1,
能力,施虐属性,1,
能力,精液中毒,1,


;経験
経験,Ｖ経験,30,
経験,Ｖ性交経験,15,
経験,膣内精液経験,50,
経験,Ａ経験,300,
経験,Ａ性交経験,250,
経験,肛内精液経験,250,
経験,絶頂経験,100,
経験,口交経験,70,
経験,手淫経験,140,
経験,精飲経験,69,
経験,精液経験,200,
経験,自慰経験,30,
経験,尿道経験,3

素質,肤色,2,

CSTR,髪色,紅髪,
CSTR,髪長,長,
CSTR,前髪,編髪,
CSTR,後髪,卷髪,
CSTR,改髪,无特殊髪型,
CSTR,呆毛,无呆毛,

CSTR,瞳色,青,
CSTR,眼形,垂眼,
CSTR,白眼,有眼白,
CSTR,眉形,短斜眉,
CSTR,嘴形,微笑,

CSTR,称号,異端の聖職者,		;職業とか種族とかあだ名とか
CSTR,種族,人类,		;種族名_補足_補足_…と記述する。例：猫の獣人だと 獣人_猫、取引の出来ない悪魔なら 悪魔_取引不能、など
CSTR,学年,英語教師,	;学年とか教師とか
CSTR,喜欢的房间,居間,	;同棲した際に居つく場所（自室を持っているうえでよく居ます）。未設定なら自分の部屋にいます
CSTR,出現場所,书店/书店/内衣店/ランジェリーショップ/内衣店,		;帰り道でよく寄る場所。/区切りで複数設定できます(複数書かれた場所に行きやすい)。例：本屋/本屋/コンビニ/コンビニ/コンビニ/ランジェリーショップ
CSTR,建议,誘惑,	;アドバイザーの時に発揮される力
CSTR,仕事,教師_英語,	;仕事名_属性1_属性2_…_属性nを/区切りで複数指定して記述する
CSTR,陰毛的喜好,,	;パイパンor脱毛処理orツルツルorお手入れ済orナチュラルor生え放題 から選択。それを可能なら維持します。パイパンは毛が伸びません
CSTR,腋毛的喜好,,	;無毛or脱毛処理orツルツルor生え放題 から選択。それを可能なら維持します。無毛は毛が伸びません
CSTR,喜欢的颜色,Ｈ的颜色,		;下着などで好む色です。通常の色の他、ランダム選択となる Ｈな色、おとなしい色 が指定できます
CSTR,関係,教師,		;CSV記述の物が初期関係となる。……まぁ本質はセフレだけどな

;正常位, 後背位, 屈曲位, 対面座位, 背面座位, 騎乗位, 押し倒し騎乗位
;アナル正常位, アナル後背位, アナル屈曲位, アナル対面座位, アナル背面座位, アナル騎乗位, 押し倒しアナル騎乗位
;貝合わせ
;尿道正常位, 尿道後背位, 尿道屈曲位, 尿道対面座位, 尿道背面座位, 尿道騎乗位, 押し倒し尿道騎乗位
;の中から好きなものを2つまで選んで/で区切って指定できる。
;例1)CSTR,好きな体位,正常位,
;例2)CSTR,好きな体位,正常位/押し倒し騎乗位,
CSTR,喜欢的体位,推倒肛門騎乗位,

CSTR,喜欢的胖次,,	;好きなパンツです。普段のパンツで穿きます。/区切りで複数指定OK。@PALAM_PANTIES の各LOCALSの先頭の文字列を/で区切ったもの、例えば フリルのパンツ/紐パン と記述する
CSTR,讨厌的胖次,,	;自分からは穿かないパンツです。指定可能なのは好きなパンツと一緒
CSTR,喜欢的胸罩,,	;パンツ同様、好きなブラです。@PALAM_BRA の各LOCALSの先頭の文字列を/で区切ったもの、例えば シンプルブラ/チューブトップ と記述する
CSTR,讨厌的胸罩,,	;パンツ同様

CSTR,茶,ココア,		;ここに記述されているものを飲み物として用意してくれます
CSTR,喜欢的东西,性交/黑麦面包,	;フレーバーです。/区切りで複数設定できます。例：ぬいぐるみ/料理
CSTR,讨厌的东西,麻縄/鞭子,	;フレーバーです。/区切りで複数設定できます。例：いも虫/トランプ
