﻿番号,45,
名前,久留木小夜,
呼び名,小夜,
CSTR,ふりがな,さよ,

;フラグ,夜型,1,		;これがONだと部室には現れず、自宅にのみ現れる
フラグ,ＮＴＲ禁止,1,	;1だとあなた以外とのＨをすべて禁止する。2だと部員相手は許すが、知らない相手とはＨしない。ゲーム中では一切変更されません

フラグ,好感度,100
基礎,体力,1700


;----------------
;身体素質
;----------------
素質,女性,1
素質,処女,1
素質,外見年齢,2
素質,巨尻,
素質,容易濕,
素質,难以妊娠,
素質,Ｍ性向,
素質,Ｖ性向,
素質,陥没乳頭,1,		;乳首が陥没してます。1で仮性、2で真性
素質,陰核包茎,1,		;陰核が皮で隠されています。1で真性包茎扱い
素質,易出汗

;---------------
;精神素質
;---------------
素質,容易中毒,
素質,臆病,
素質,内気,
素質,謙虚,
素質,好奇心,
素質,害羞,
素質,温柔,
素質,笨蛋,
素質,献身,
素質,真面目,
素質,气味弱点,
素質,料理擅長,1,	;自炊万能 なお残念うっかりを考慮しないものとする。

;---------------
;能力
;能力と経験に関して0じゃなってのは0決め打ち
;---------------

;信頼～尿道感覚は10LVでだいたいMAXです(上限自体は99LV)
;少しあるなら１、結構あるなら２～３、かなりあるなら４～５、程度が良いでしょう
能力,信頼,2,
能力,欲望,0,
能力,技巧,0,
能力,奉仕精神,1,
能力,露出癖,0,
能力,Ｃ感覚,1,	;Ｃ感覚はＰ感覚(ちんこの感度)も含む
能力,Ｖ感覚,0,
能力,Ａ感覚,0,
能力,Ｂ感覚,1,
能力,Ｍ感覚,0,
能力,尿道感覚,0,
;この４つは５LVでだいたいMAXです(上限自体は99LV)
;少しあるなら１、結構あるなら２、かなりあるなら３、程度が良いでしょう
能力,受虐属性,0,
能力,施虐属性,0,
能力,自慰中毒,0,
能力,精液中毒,0,

;---------------
;経験
;---------------

経験,自慰経験,1 ;試しにやってみて怖くなってやめた
経験,絶頂経験,0 ;あるわけ
経験,接吻経験,0 ;ないじゃろ
経験,约会経験,0 ;ぼっちやぞ



;---------------
;プロフィール
;---------------
CSTR,称号,被欺负的前辈,		;職業とか種族とかあだ名とか
CSTR,種族,人类,		;種族名_補足_補足_…と記述する。例：猫の獣人だと 獣人_猫、取引の出来ない悪魔なら 悪魔_取引不能、など
CSTR,学年,３年生,		;学年とか教師とか
CSTR,喜欢的房间,,	;同棲した際に居つく場所（自室を持っているうえでよく居ます）。未設定なら自分の部屋にいます
CSTR,出現場所,书店/书店/公園/公園/公園/便利店,		;帰り道でよく寄る場所。/区切りで複数設定できます(複数書かれた場所に行きやすい)。例：本屋/本屋/コンビニ/コンビニ/コンビニ/ランジェリーショップ
CSTR,建议,無能,	;アドバイザーの時に発揮される力
CSTR,仕事,,		;仕事名_属性1_属性2_…_属性nを/区切りで複数指定して記述する
CSTR,陰毛的喜好,保养完毕,	;パイパンor脱毛処理orツルツルorお手入れ済orナチュラルor生え放題 から選択。それを可能なら維持します。パイパンは毛が伸びません
CSTR,腋毛的喜好,随意生長,	;無毛or脱毛処理orツルツルor生え放題 から選択。それを可能なら維持します。無毛は毛が伸びません
CSTR,喜欢的颜色,淡色,		;下着などで好む色です。通常の色の他、ランダム選択となる Ｈな色、おとなしい色 が指定できます
CSTR,関係,前輩,		;CSV記述の物が初期関係となる。……まぁ本質はセフレだけどな

;正常位, 後背位, 屈曲位, 対面座位, 背面座位, 騎乗位, 押し倒し騎乗位
;アナル正常位, アナル後背位, アナル屈曲位, アナル対面座位, アナル背面座位, アナル騎乗位, 押し倒しアナル騎乗位
;貝合わせ
;尿道正常位, 尿道後背位, 尿道屈曲位, 尿道対面座位, 尿道背面座位, 尿道騎乗位, 押し倒し尿道騎乗位
;の中から好きなものを2つまで選んで/で区切って指定できる。
;例1)CSTR,好きな体位,正常位,
;例2)CSTR,好きな体位,正常位/押し倒し騎乗位,
CSTR,喜欢的体位,,

CSTR,喜欢的胖次,內褲/三角胖次/全後衛胖次,	;好きなパンツです。普段のパンツで穿きます。/区切りで複数指定OK。@PALAM_PANTIES の各LOCALSの先頭の文字列を/で区切ったもの、例えば フリルのパンツ/紐パン と記述する
CSTR,讨厌的胖次,Ｈ的内衣/兜襠布/Ｃ字袴/繩系胖次/皮革胖次/豹纹胖次/Ｔ字褲/丁字褲/Ｃ胖次/高開衩胖次/Micro內褲/後開型/開放型開洞/淚珠泳衣比基尼/比基尼/Micro比基尼/貞操帯,	;自分からは穿かないパンツです。指定可能なのは好きなパンツと一緒
CSTR,喜欢的胸罩,简约胸罩/文胸/满杯胸罩,	;パンツ同様、好きなブラです。@PALAM_BRA の各LOCALSの先頭の文字列を/で区切ったもの、例えば シンプルブラ/チューブトップ と記述する
CSTR,讨厌的胸罩,開放型胸罩/Micro胸罩/豹纹胸罩/皮革胸罩/比基尼胸罩/Micro胸罩/裹胸布/Ｈ的胸罩/,	;パンツ同様

CSTR,茶,ココア,		;ここに記述されているものを飲み物として用意してくれます
CSTR,喜欢的东西,温柔的人/甜的食物/番茄酱,	;子供舌先輩
CSTR,讨厌的东西,坏心眼的人/苦的食物/刺激物,	;子供舌先輩

CSTR,髪色,黒髪,
CSTR,髪長,中等長度,
CSTR,前髪,单眼遮盖,
CSTR,後髪,直髪,
CSTR,改髪,无特殊髪型,
CSTR,呆毛,无呆毛,
CSTR,蝴蝶結,无蝴蝶結,

CSTR,瞳色,茶,
CSTR,眼形,三白眼,
CSTR,白眼,有眼白,
CSTR,眉形,困扰眉,
CSTR,嘴形,無口系,
