﻿番号,29,
名前,片峰碧,		;読み：かたみね　へきる
呼び名,碧,
CSTR,ふりがな,へきる,

基礎,体力,2600,		;スタミナには比較的自信あり

フラグ,ＮＴＲ禁止,1,	;1だとあなた以外とのＨをすべて禁止する。2だと部員相手は許すが、知らない相手とはＨしない。ゲーム中では一切変更されません

素質,処女,
素質,外見年齢,2
素質,高大,
素質,貧乳,
素質,巨尻,
素質,筋肉,
素質,体寒,
素質,Ｖ名器,2

素質,内気,
素質,冷静,
素質,聰慧,
素質,接受快感,
素質,堅強,

素質,疼痛無視,
素質,薬毒耐性,
素質,大力士,2,		;幼少期からの血の滲む鍛錬の成果の１つ
素質,謎之魅力,
素質,天性の指靈活,
素質,天性の腰靈活,2,

素質,Ｖ性向,
素質,Ｍ性向,
素質,子宮性感,
素質,精液弱点,2,	;膣内射精に弱い
素質,避孕套派,1,		;ゴム派

能力,信頼,1
能力,欲望,1
能力,技巧,2
能力,指靈活,2
能力,腰靈活,2

CSTR,称号,武装JK,		;職業とか種族とかあだ名とか
CSTR,学年,２年生,		;学年とか教師とか
CSTR,喜欢的房间,,	;同棲した際に居つく場所（自室を持っているうえでよく居ます）。未設定なら自分の部屋にいます
CSTR,出現場所,书店/书店/便利店/公園/直帰/繞道/茶叶批发店,		;帰り道でよく寄る場所。/区切りで複数設定できます(複数書かれた場所に行きやすい)。例：本屋/本屋/コンビニ/コンビニ/コンビニ/ランジェリーショップ
CSTR,建议,媚薬精製,	;アドバイザーの時に発揮される力
;CSTR,仕事,,		;仕事名_属性1_属性2_…_属性nを/区切りで複数指定して記述する
CSTR,陰毛的喜好,光滑无毛,	;脱毛処理orツルツルorお手入れ済orナチュラルor生え放題 から選択。それを可能なら維持します
CSTR,腋毛的喜好,光滑无毛,	;脱毛処理orツルツルor生え放題 から選択。それを可能なら維持します
CSTR,喜欢的颜色,白/黒/淡色,		;下着などで好む色です。通常の色の他、ランダム選択となる Ｈな色、おとなしい色 が指定できます
CSTR,関係,社团同伴,		;CSV記述の物が初期関係となる。……まぁ本質はセフレだけどな

CSTR,喜欢的体位,正常位,
CSTR,喜欢的胖次,三角胖次/內褲/ショーツ/四角内褲/超低腰胖次,	;好きなパンツです。普段のパンツで穿きます。/区切りで複数指定OK。@PALAM_PANTIES の各LOCALSの先頭の文字列を/で区切ったもの、例えば フリルのパンツ/紐パン と記述する
CSTR,讨厌的胖次,褶边の胖次/貞操帯/前貼/兜襠布/Ｃ胖次/Ｈ的内衣,	;自分からは穿かないパンツです。指定可能なのは好きなパンツと一緒
CSTR,喜欢的胸罩,裹胸布/運動胸罩/スポーツ胸罩,	;パンツ同様、好きなブラです。@PALAM_BRA の各LOCALSの先頭の文字列を/で区切ったもの、例えば シンプルブラ/チューブトップ と記述する
CSTR,讨厌的胸罩,Ｈ的胸罩/胸垫/褶边の胸罩,	;パンツ同様

CSTR,茶,緑茶/緑茶/緑茶/黒豆茶/ハト麦茶/麦茶/麦茶/スポーツドリンク,		;ここに記述されているものを飲み物として用意してくれます
CSTR,点心,苺曲奇_亲手自制/ひよ子饅頭/迷你羊羹/角色メルキャンディ/堅胖次/阴蒂ームビスケット/巧克力ペン/糖衣巧克力,
CSTR,喜欢的东西,训练/当地的緑茶,	;フレーバーです。/区切りで複数設定できます。例：ぬいぐるみ/料理
CSTR,讨厌的东西,固执激动的人/UNIQLO,	;フレーバーです。/区切りで複数設定できます。例：いも虫/トランプ

CSTR,髪色,黒髪,
CSTR,髪長,披肩,
CSTR,前髪,自然刘海２,
CSTR,後髪,卷髪,
CSTR,改髪,马尾辫,
CSTR,呆毛,无呆毛,
CSTR,蝴蝶結,无蝴蝶結,

CSTR,瞳色,黒,
CSTR,眼形,普通眼,
CSTR,白眼,有眼白,
CSTR,眉形,通常眉,
CSTR,嘴形,無口系,
