﻿番号,31,
名前,詩燈寧子,
呼び名,寧子,
CSTR,ふりがな,ねいこ,

;フラグ,夜型,1,		;これがONだと部室には現れず、自宅にのみ現れる
フラグ,ＮＴＲ禁止,2,	;1だとあなた以外とのＨをすべて禁止する。2だと部員相手は許すが、知らない相手とはＨしない。ゲーム中では一切変更されません

基礎,体力,2400

;基本身体
素質,処女,
素質,Ａ処女
素質,外見年齢,2		;少女	備忘 1=ロリ 2=少女 3=お姉さん 4=オトナ
素質,貧乳,
素質,肤色,2,		;色白	備忘 1=褐色 色白 3=アバター的な 指定なしで日本人的肌色　FUNCTION.ERBより
素質,動物耳,2,
素質,尾巴,
素質,苗条,
;性格系
素質,冷静,
素質,害羞,
素質,好奇心,
素質,堅強,
素質,難以越過的底線,
;その他身体・性癖
素質,大力士,
素質,倒錯的,
素質,汚臭敏感,
素質,容易中毒,
素質,Ａ性向,
素質,Ｍ性向,
素質,天性の指靈活,


素質,炮友,2,

能力,欲望,2
能力,技巧,3
能力,Ｃ感覚,1
能力,Ａ感覚,1
能力,Ｍ感覚,1
能力,施虐属性,1

経験,自慰経験,50
経験,Ａ経験,5



CSTR,称号,元人类の猫娘,		;職業とか種族とかあだ名とか
CSTR,種族,獣人_猫_元人类,
CSTR,学年,２年生,		;学年とか教師とか
CSTR,出現場所,书店/便利店/便利店/公園/公園/, ;帰り道でよく寄る場所。/区切りで複数設定できます(複数書かれた場所に行きやすい)。例：本屋/本屋/コンビニ/コンビニ/コンビニ/ランジェリーショップ
CSTR,建议,单人玩家,	;アドバイザーの時に発揮される力
CSTR,陰毛的喜好,随意生長,	;脱毛処理orツルツルorお手入れ済orナチュラルor生え放題 から選択。それを可能なら維持します
CSTR,腋毛的喜好,光滑无毛,	;脱毛処理orツルツルor生え放題 から選択。それを可能なら維持します
CSTR,喜欢的颜色,淡色,		;下着などで好む色です。通常の色の他、ランダム選択となる Ｈな色、おとなしい色 が指定できます
CSTR,関係,同級生,		;CSV記述の物が初期関係となる。……まぁ本質はセフレだけどな
CSTR,喜欢的房间,,	;同棲した際に居つく場所（自室を持っているうえでよく居ます）。未設定なら自分の部屋にいます
CSTR,仕事,,		;仕事名_属性1_属性2_…_属性nを/区切りで複数指定して記述する
CSTR,点心,小鱼干し/煎餅/ピスタチオ/ポッキー,


CSTR,喜欢的体位,対面座位,
CSTR,喜欢的胖次,低腰胖次/超低腰胖次/內褲/三角胖次/四角内褲,	;好きなパンツです。普段のパンツで穿きます。/区切りで複数指定OK。@PALAM_PANTIES の各LOCALSの先頭の文字列を/で区切ったもの、例えば フリルのパンツ/紐パン と記述する
CSTR,讨厌的胖次,Ｔ字褲/丁字褲/Ｃ胖次/,高開衩胖次,	;自分からは穿かないパンツです。指定可能なのは好きなパンツと一緒
CSTR,喜欢的胸罩,吊帯背心/運動胸罩,	;パンツ同様、好きなブラです。@PALAM_BRA の各LOCALSの先頭の文字列を/で区切ったもの、例えば シンプルブラ/チューブトップ と記述する
CSTR,讨厌的胸罩,,	;パンツ同様

CSTR,茶,ホットミルク,		;ここに記述されているものを飲み物として用意してくれます
CSTR,喜欢的东西,冰橙汁/小鱼干,	;フレーバーです。/区切りで複数設定できます。例：ぬいぐるみ/料理
CSTR,讨厌的东西,不好闻的东西/煙草,	;フレーバーです。/区切りで複数設定できます。例：いも虫/トランプ

CSTR,髪色,黒髪,
CSTR,髪長,披肩,
CSTR,前髪,乱髪２,
CSTR,後髪,卷髪,
CSTR,改髪,无特殊髪型,
CSTR,呆毛,无呆毛,
CSTR,蝴蝶結,无蝴蝶結,

CSTR,瞳色,茶,
CSTR,眼形,斜眼,
CSTR,白眼,有眼白,
CSTR,眉形,短通常眉,
CSTR,嘴形,へ字,
