﻿;===========================================================
;  千堂 玲子
;-----------------------------------------------------------
;  This file is generated by era悪魔でメイド　キャラクターシートエディタ
;  Ver.1.04
;===========================================================
番号,32
名前,千堂玲子
呼び名,玲子
CSTR,ふりがな,れいこ,
;フラグ,夜型,1

基礎,体力,2300

素質,処女,1
フラグ,好感度,20
;フラグ,ピル,1


;===========================================================
;  プロフィール
;===========================================================
CSTR,称号,年齢詐称系同班同学
CSTR,学年,２年生
CSTR,種族,人类
CSTR,喜欢的房间,
CSTR,出現場所,便利店/书店/内衣店/ホームセンター
CSTR,建议,单人玩家
CSTR,仕事,
CSTR,関係,炮友
素質,炮友,1
CSTR,喜欢的颜色,黒/紫/真紅/紺色

CSTR,茶,ミネラルウォーター
CSTR,喜欢的东西,
CSTR,讨厌的东西,


;===========================================================
; 外見的特徴
;===========================================================
素質,女性,1
素質,外見年齢,4
素質,高大,1

CSTR,髪色,黒髪,
CSTR,髪長,長,
CSTR,前髪,編髪,
CSTR,後髪,自然,
CSTR,改髪,马尾辫,
CSTR,呆毛,无呆毛,
CSTR,蝴蝶結,无蝴蝶結,

CSTR,瞳色,黒,
CSTR,眼形,吊眼,
CSTR,白眼,有眼白,
CSTR,眉形,通常眉,
CSTR,嘴形,微笑,

CSTR,陰毛的喜好,随意生長
CSTR,腋毛的喜好,光滑无毛
素質,巨乳,3
素質,陥没乳頭,1
素質,容易濕,1
素質,Ｖ名器,2
素質,巨尻,2

;============================================================
;  性格設定
;============================================================
能力,信頼,0
能力,欲望,1
能力,技巧,0
能力,奉仕精神,2
能力,露出癖,1

能力,受虐属性,1
能力,施虐属性,0
素質,坦率,1
素質,冷静,1
素質,保守的,1
素質,贞操重视,1
素質,害羞,1
素質,難以越過的底線,1
素質,接受快感,1

;============================================================
;  性的嗜好
;============================================================
能力,Ｃ感覚,1
能力,Ｖ感覚,2
能力,Ａ感覚,0
能力,Ｂ感覚,0
能力,Ｍ感覚,0
能力,尿道感覚,0

素質,喉性感,1

能力,自慰中毒,3
能力,精液中毒,0

素質,精液弱点,1p1

CSTR,喜欢的体位,後背位/奉仕騎乗位,

;============================================================
;  経験
;============================================================
経験,Ｖ経験,32
経験,Ｖ性交経験,0
経験,Ａ経験,0
経験,Ａ性交経験,0
経験,自慰経験,52

;============================================================
;  服飾設定
;============================================================
;----------------------------------------
;  ブラの好み
;----------------------------------------
CSTR,喜欢的胸罩,半杯胸罩/蕾丝胸罩/透明胸罩/Micro胸罩
CSTR,讨厌的胸罩,简约胸罩/文胸/满杯胸罩

;----------------------------------------
;  パンツの好み
;----------------------------------------
CSTR,喜欢的胖次,低腰胖次/超低腰胖次/高開衩胖次/Ｔ字褲/丁字褲/Ｃ胖次/繩系胖次
CSTR,讨厌的胖次,全後衛胖次/條紋胖次/水玉模様の胖次
