﻿番号,36,
名前,卯月佑香,
呼び名,佑香,
CSTR,ふりがな,ゆか,

フラグ,口服避孕薬,
フラグ,ＮＴＲ禁止,2,;モブ姦は封じる

基礎,体力,2200,
;小柄(-200)なハンデを無視できるレベルでスポーツ万能(+400)という感じ（常人の基礎値が2000でいいのなら）
;別にすごい筋トレをしている訳ではないので力持ちはない

素質,口服避孕薬派,1,

素質,外見年齢,2,
素質,処女,
素質,娇小,
素質,天性の舌靈活,;食べたり喋ったり歌ったり喘いだりする
素質,天性の腰靈活,;AGIが高い
素質,拡張適性,				;柔軟ボディ

;アソコが弱い。Ｃの方が弱い
素質,Ｃ性向,
素質,Ｖ性向,

素質,坦率,
素質,好奇心,
素質,温柔,
素質,真面目,

素質,魅力,
素質,性豪,

能力,信頼,3,				;現行の友達なので、即遊び(デート)に行ける
能力,奉仕精神,1,
能力,Ｃ感覚,1,

経験,自慰経験,5,
経験,絶頂経験,1,

CSTR,喜欢的东西,甜お菓子/卡拉OK/サイ阴蒂ング/アクション游戏/,
CSTR,讨厌的东西,雷/フリフリした服,
CSTR,称号,一般生徒,
CSTR,学年,２年生,
CSTR,建议,没有,
CSTR,陰毛的喜好,脱毛処理,
CSTR,腋毛的喜好,脱毛処理,
CSTR,喜欢的颜色,白/薄緑/橙色/薄青色/黒,;確実にビタミンカラー派だけど、下着の色だしな
CSTR,関係,同班同学,
CSTR,出現場所,游戏中心/卡拉OK/便利店/甜甜圈店/,

CSTR,喜欢的胖次,內褲/四角内褲/條紋胖次/,
CSTR,讨厌的胖次,Ｈ的内衣/褶边の胖次/高開衩胖次/豹纹胖次/皮革胖次/,
CSTR,喜欢的胸罩,運動胸罩/條紋胸罩/,
CSTR,讨厌的胸罩,Ｈ的胸罩/褶边の胸罩/豹纹胸罩/皮革胸罩/,

CSTR,茶,茶,
CSTR,種族,人类,

CSTR,髪色,黒髪,
CSTR,髪長,巻髪,
CSTR,前髪,自然刘海,
CSTR,後髪,外八,
CSTR,改髪,无特殊髪型,
CSTR,呆毛,无呆毛,
CSTR,蝴蝶結,无蝴蝶結,

CSTR,瞳色,黒,
CSTR,眼形,吊眼,
CSTR,白眼,有眼白,
CSTR,眉形,短斜眉,
CSTR,嘴形,ワ,

CSTR,CEVENT,合意禁止：危険日生性交/合意禁止：肛門性交/,
CSTR,合意,掀起裙子/叫出来Ｈ/,
