﻿番号,25,
名前,乃々,
呼び名,乃々,
CSTR,ふりがな,のの,

相性,46,120,

;フラグ,夜型,1,		;これがONだと部室には現れず、自宅にのみ現れる

基礎,体力,2200

素質,男性,
素質,伪娘,
素質,阴茎,0,		;短小
素質,包茎,1,			;仮性包茎
素質,童貞,
素質,外見年齢,2,
素質,娇小,
素質,Ａ名器,
素質,喉名器,
素質,内気
素質,堅強,
素質,真面目,
素質,謙虚,
素質,好奇心,
素質,害羞,
素質,難以越過的底線,
素質,容易中毒,
素質,献身,
素質,倒錯的,
素質,兩面通吃,
素質,魅力,
素質,Ｃ性向,


能力,欲望,1
能力,露出癖,1
能力,Ｐ感覚,2

経験,射精経験,15
経験,自慰経験,25
経験,羞恥快楽経験,7

CSTR,称号,堕天使伪娘,		;職業とか種族とかあだ名とか
CSTR,種族,堕天使_天使,
CSTR,学年,１年生,		;学年とか教師とか
CSTR,建议,堕天使の甘言,	;アドバイザーの時に発揮される力
CSTR,仕事,生徒会_庶務,		;仕事名_属性1_属性2_…_属性nを/区切りで複数指定して記述する
CSTR,陰毛的喜好,保养完毕,	;脱毛処理orツルツルorお手入れ済orナチュラルor生え放題 から選択。それを可能なら維持します
CSTR,腋毛的喜好,光滑无毛,	;脱毛処理orツルツルor生え放題 から選択。それを可能なら維持します
CSTR,喜欢的颜色,淡色,		;下着などで好む色です。通常の色の他、ランダム選択となる Ｈな色、おとなしい色 が指定できます
CSTR,関係,監視役,		;CSV記述の物が初期関係となる。……まぁ本質はセフレだけどな

CSTR,喜欢的体位,肛門騎乗位,
CSTR,喜欢的胖次,三角胖次/三角胖次/三角胖次/Ｔ字褲/繩系胖次/,	;好きなパンツです。普段のパンツで穿きます。/区切りで複数指定OK。@PALAM_PANTIES の各LOCALSの先頭の文字列を/で区切ったもの、例えば フリルのパンツ/紐パン と記述する
CSTR,喜欢的胸罩,无胸罩/文胸/Micro胸罩/透明胸罩,	;パンツ同様、好きなブラです。@PALAM_BRA の各LOCALSの先頭の文字列を/で区切ったもの、例えば シンプルブラ/チューブトップ と記述する

CSTR,茶,紅茶,		;ここに記述されているものを飲み物として用意してくれます
CSTR,点心,煎餅/粗点心/ポテトチップス/巧克力ドーナツ,
CSTR,喜欢的东西,香蕉/照相机,	;フレーバーです。/区切りで複数設定できます。例：ぬいぐるみ/料理

CSTR,髪色,黒髪,
CSTR,髪長,中等長度,
CSTR,前髪,編髪,
CSTR,後髪,直髪,
CSTR,改髪,无特殊髪型,
CSTR,呆毛,无呆毛,
CSTR,蝴蝶結,无蝴蝶結,

CSTR,瞳色,金,
CSTR,眼形,普通眼,
CSTR,白眼,无眼白,
CSTR,眉形,通常眉,
CSTR,嘴形,微笑,
