﻿;===========================================================
;  みなみ
;-----------------------------------------------------------
;  This file is generated by era悪魔でメイド　キャラクターシートエディタ
;  Ver.1.03
;===========================================================
番号,42
名前,南実
呼び名,南実
CSTR,ふりがな,南実,

;フラグ,夜型,1

基礎,体力,2000

素質,処女,1
フラグ,好感度,300
素質,口服避孕薬派,1,		;1でピル派。-1だとピル嫌い
素質,避孕套派,-1,		;1でゴム派。-1だとゴム嫌い
;フラグ,ピル,1


;===========================================================
;  プロフィール
;===========================================================
CSTR,称号,実妹
CSTR,学年,中等部
CSTR,種族,人类
;CSTR,好みの部屋,教室
CSTR,出現場所,游戏中心/便利店
CSTR,建议,和和闹闹
CSTR,仕事,
CSTR,関係,実妹
CSTR,喜欢的颜色,白/純白/淡色

CSTR,茶,ココア/咖啡/紅茶/花茶/麦茶/ほうじ茶/緑茶,
CSTR,点心,曲奇_亲手自制/生巧克力_亲手自制/戚风蛋糕_亲手自制,
CSTR,喜欢的东西,
CSTR,讨厌的东西,


;===========================================================
; 外見的特徴
;===========================================================
素質,女性,1
素質,外見年齢,1
素質,娇小,1
素質,肤色,2,

CSTR,髪色,黒髪,
CSTR,髪長,中等長度,
CSTR,前髪,自然刘海,
CSTR,後髪,自然,
CSTR,改髪,双马尾,
CSTR,呆毛,无呆毛,
CSTR,蝴蝶結,无蝴蝶結,

CSTR,瞳色,茶,
CSTR,眼形,垂眼,
CSTR,白眼,无眼白,
CSTR,眉形,斜眉,
CSTR,嘴形,微笑,

CSTR,陰毛的喜好,自然
CSTR,腋毛的喜好,脱毛処理
素質,巨乳,1
素質,Ｖ名器,1
素質,巨尻,1

;============================================================
;  性格設定
;============================================================
能力,信頼,3
能力,欲望,1
能力,技巧,0
能力,奉仕精神,1
能力,露出癖,1

能力,受虐属性,1
能力,施虐属性,0
素質,坦率,1
素質,開朗,1
素質,温柔,1
素質,好奇心,1
素質,聰慧,1
素質,接受快感,1
素質,献身,1
素質,倒錯的,1

素質,討厭男人,1

;============================================================
;  性的嗜好
;============================================================
能力,Ｃ感覚,1
能力,Ｖ感覚,0
能力,Ａ感覚,0
能力,Ｂ感覚,0
能力,Ｍ感覚,0
能力,尿道感覚,0

素質,Ｖ性向,1
素質,Ｍ性向,1
素質,子宮性感,1

能力,自慰中毒,1
能力,精液中毒,0

素質,容易妊娠,1

CSTR,喜欢的体位,後背位,

;============================================================
;  経験
;============================================================
経験,Ｖ経験,0
経験,Ｖ性交経験,0
経験,Ａ経験,0
経験,Ａ性交経験,0
経験,自慰経験,1

;============================================================
;  服飾設定
;============================================================
;----------------------------------------
;  ブラの好み
;----------------------------------------
CSTR,喜欢的胸罩,蕾丝胸罩/褶边の胸罩/Ｈ的胸罩
CSTR,讨厌的胸罩,皮革胸罩/豹纹胸罩

;----------------------------------------
;  パンツの好み
;----------------------------------------
CSTR,喜欢的胖次,Ｈ的内衣/褶边の胖次/蕾丝的胖次/繩系胖次
CSTR,讨厌的胖次,豹纹胖次/皮革胖次
