﻿番号,7,
名前,哈娜,
呼び名,哈娜,
CSTR,ふりがな,はな,

フラグ,Ｖ尿道履歴,15
基礎,体力,2700

素質,処女,
素質,外見年齢,1
素質,娇小,2,
素質,開朗,
素質,坦率,
素質,好奇心,
素質,鼓舞,
素質,大力士,
素質,尿道性感,
素質,气味弱点,
素質,動物耳,
素質,尾巴,
素質,肤色,1

能力,信頼,2
能力,Ａ感覚,1
能力,尿道感覚,1


経験,自慰経験,30
経験,Ａ経験,12
経験,尿道経験,28
経験,尿道拡張経験,4
経験,放尿経験,3

CSTR,称号,人狼,			;職業とか種族とかあだ名とか
CSTR,種族,人狼_獣人_狼,
CSTR,学年,１年生,		;学年とか教師とか
CSTR,建议,精力増大,	;アドバイザーの時に発揮される力
CSTR,陰毛的喜好,光滑无毛,	;脱毛処理orツルツルorお手入れ済orナチュラルor生え放題 から選択。それを可能なら維持します
CSTR,腋毛的喜好,光滑无毛,	;脱毛処理orツルツルor生え放題 から選択。それを可能なら維持します
CSTR,喜欢的颜色,赤,		;下着などで好む色です。通常の色の他、ランダム選択となる Ｈな色、おとなしい色 が指定できます
CSTR,関係,後輩,			;CSV記述の物が初期関係となる。……まぁ本質はセフレだけどな
CSTR,出現場所,買食物/物色游戏/内衣屋

CSTR,髪色,茶髪,
CSTR,髪長,長,
CSTR,前髪,外八刘海,
CSTR,後髪,外八,
CSTR,改髪,无特殊髪型,
CSTR,呆毛,无呆毛,
CSTR,蝴蝶結,无蝴蝶結,

CSTR,瞳色,青,
CSTR,眼形,水灵眼,
CSTR,白眼,无眼白,
CSTR,眉形,通常眉,
CSTR,嘴形,大口,

CSTR,喜欢的东西,肉/冬,
CSTR,讨厌的东西,味道太冲的食物,

CSTR,Ｖ尿道拡張度,15/15/15/15/15/15/15/15/15/15/
