﻿番号,30,
名前,奥丝卡,
呼び名,奥丝卡,
CSTR,ふりがな,おすかー,

;フラグ,夜型,1,		;これがONだと部室には現れず、自宅にのみ現れる

基礎,体力,2400

素質,炮友,1
素質,外見年齢,3,
素質,巨乳,
素質,小尻,
素質,Ｖ名器,
素質,冷静,
素質,温柔,
素質,献身,
素質,高贵,
素質,高慢,
素質,聰慧,
素質,接受快感,
素質,好奇心,
素質,堅強,
素質,大力士,1,
素質,天性の舌靈活,
素質,天性の指靈活,
素質,天性の腰靈活,
素質,薬毒耐性,
素質,容易濕,
素質,子宮性感,
素質,吸精体質,1
素質,兩面通吃,
素質,难以妊娠,
素質,甜言蜜语,1
;素質,しっぽ,6,		;尻尾見せてのお願いの後に6になる
素質,翼,
素質,精灵耳,2,
素質,角,1,
素質,苗条,

能力,信頼,1
能力,欲望,2
能力,技巧,3
能力,奉仕精神,2
能力,Ｃ感覚,2
能力,Ｖ感覚,2
能力,Ａ感覚,1
能力,Ｂ感覚,2
能力,Ｍ感覚,1
能力,施虐属性,1

経験,絶頂経験,50
経験,Ｖ経験,110
経験,Ａ経験,10
経験,自慰経験,15
経験,Ｖ性交経験,90
経験,Ａ性交経験,15
経験,膣内精液経験,50
経験,肛内精液経験,5
経験,精液経験,110
経験,精飲経験,15
経験,口交経験,40
経験,手淫経験,30
経験,腰靈活経験,30
経験,乳交経験,30
経験,百合経験,15
経験,吸精経験,15

刻印,淫紋,2

CSTR,称号,没落魔貴族,		;職業とか種族とかあだ名とか
CSTR,種族,悪魔,
CSTR,学年,不法侵入,		;学年とか教師とか
CSTR,喜欢的房间,,	;同棲した際に居つく場所（自室を持っているうえでよく居ます）。未設定なら自分の部屋にいます
CSTR,出現場所,洋点心店/洋点心店/书店/书店/茶叶批发店/繞道/内衣店,		;帰り道でよく寄る場所。/区切りで複数設定できます(複数書かれた場所に行きやすい)。例：本屋/本屋/コンビニ/コンビニ/コンビニ/ランジェリーショップ
CSTR,建议,理性主義,	;アドバイザーの時に発揮される力
CSTR,仕事,,		;仕事名_属性1_属性2_…_属性nを/区切りで複数指定して記述する
CSTR,陰毛的喜好,保养完毕,	;脱毛処理orツルツルorお手入れ済orナチュラルor生え放題 から選択。それを可能なら維持します
CSTR,腋毛的喜好,光滑无毛,	;脱毛処理orツルツルor生え放題 から選択。それを可能なら維持します
CSTR,喜欢的颜色,Ｈ的颜色,		;下着などで好む色です。通常の色の他、ランダム選択となる Ｈな色、おとなしい色 が指定できます
CSTR,関係,炮友,		;CSV記述の物が初期関係となる。……まぁ本質はセフレだけどな

CSTR,喜欢的体位,正常位,
CSTR,喜欢的胖次,蕾丝的胖次/褶边の胖次/Ｈ的内衣,	;好きなパンツです。普段のパンツで穿きます。/区切りで複数指定OK。@PALAM_PANTIES の各LOCALSの先頭の文字列を/で区切ったもの、例えば フリルのパンツ/紐パン と記述する
CSTR,讨厌的胖次,兜襠布/貞操帯,	;自分からは穿かないパンツです。指定可能なのは好きなパンツと一緒
CSTR,喜欢的胸罩,蕾丝胸罩/褶边の胸罩/Ｈ的胸罩,	;パンツ同様、好きなブラです。@PALAM_BRA の各LOCALSの先頭の文字列を/で区切ったもの、例えば シンプルブラ/チューブトップ と記述する
CSTR,讨厌的胸罩,吊帯背心/抹胸/裹胸,	;パンツ同様

CSTR,茶,紅茶/香草茶/咖啡,		;ここに記述されているものを飲み物として用意してくれます
CSTR,喜欢的东西,亡故的双親/家里的佣人/浴室,	;フレーバーです。/区切りで複数設定できます。例：ぬいぐるみ/料理
CSTR,讨厌的东西,兄弟/親戚,	;フレーバーです。/区切りで複数設定できます。例：いも虫/トランプ
CSTR,点心,果物のタルト_亲手自制/ババロア_亲手自制/イナゴ料理_亲手自制/ビスケット/シュー阴蒂ーム/熊型のグミ,

;CSTR,髪,紫がかった銀髪_ロング,		;フレーバーです。髪の色_髪型　で記述します。服などの様に"｜" で分割して条件分岐も出来ます。例：金髪_ロング｜金髪_おさげ：自宅
CSTR,髪色,銀髪,
CSTR,髪長,長,
CSTR,前髪,斜刘海,
CSTR,後髪,外八,
CSTR,改髪,无特殊髪型,
CSTR,呆毛,无呆毛,
CSTR,蝴蝶結,无蝴蝶結,
CSTR,瞳色,赤,
CSTR,眼形,吊眼２,
CSTR,白眼,黑眼白,
CSTR,眉形,通常眉,
CSTR,嘴形,嘲笑,
