﻿番号,12,
名前,双葉成美,
呼び名,成美,
CSTR,ふりがな,なるみ,

基礎,体力,1400

素質,扶她,2
素質,阴茎,2,		;巨根
素質,処女,
素質,Ａ処女,
素質,童貞,

素質,炮友,2
素質,好奇心,
素質,贞操重视,
素質,害羞,
素質,難以越過的底線,
素質,聰慧,
素質,接受快感,
素質,魅力,
素質,性豪,
素質,天性の腰靈活,
素質,Ｃ性向,
素質,料理擅長,

CSTR,陰毛的喜好,保养完毕
CSTR,腋毛的喜好,光滑无毛
CSTR,喜欢的颜色,淡色

CSTR,称号,委員長
CSTR,学年,２年生

CSTR,建议,天才肌
CSTR,関係,同班同学

CSTR,喜欢的胖次,內褲/ショーツ/內褲/高開衩胖次/
CSTR,喜欢的胸罩,文胸/半杯胸罩/
