﻿番号,26,
名前,桂木恭子
呼び名,恭子
CSTR,ふりがな,きょうこ,

基礎,体力,1800

素質,外見年齢,2
素質,傲慢
素質,冷静
素質,好奇心
素質,難以越過的底線
素質,接受快感
素質,倒錯的
素質,小悪魔

能力,欲望,1
能力,Ｃ感覚,1
能力,施虐属性,1

経験,Ｖ経験,4
経験,精液経験,8
経験,自慰経験,16
経験,手淫経験,4
;経験,触手経験,2

CSTR,称号,放課後の魔法少女
CSTR,学年,１年生
CSTR,種族,人类_魔法使
CSTR,喜欢的房间,,	;同棲した際に居つく場所（自室を持っているうえでよく居ます）。未設定なら自分の部屋にいます
CSTR,出現場所,,		;帰り道でよく寄る場所。/区切りで複数設定できます(複数書かれた場所に行きやすい)。例：本屋/本屋/コンビニ/コンビニ/コンビニ/ランジェリーショップ
CSTR,建议,没有,	;アドバイザーの時に発揮される力◆◆◆暫定です
CSTR,仕事,,		;仕事名_属性1_属性2_…_属性nを/区切りで複数指定して記述する
CSTR,陰毛的喜好,自然
CSTR,腋毛的喜好,光滑无毛
CSTR,喜欢的颜色,隨機顏色
CSTR,関係,後輩

CSTR,喜欢的胖次,條紋胖次/褶边の胖次/Ｈ的内衣
CSTR,讨厌的胖次,Ｃ胖次/兜襠布/貞操帯/前貼/四角内褲/四角褲/鬥士胖次
CSTR,喜欢的胸罩,條紋胸罩/褶边の胸罩/吊帯衫/Ｈ的胸罩
CSTR,讨厌的胸罩,胸垫/裹胸布

CSTR,茶,茶
CSTR,喜欢的东西,水泳/烤红薯
CSTR,讨厌的东西,触手型怪人

;CSTR,髪,黒髪_ミディアムショート
CSTR,髪色,黒髪,
CSTR,髪長,巻髪,
CSTR,前髪,,
CSTR,後髪,,
CSTR,改髪,无特殊髪型,
CSTR,呆毛,无呆毛,
CSTR,蝴蝶結,无蝴蝶結,

CSTR,瞳色,,
CSTR,眼形,,
CSTR,白眼,,
CSTR,眉形,,
CSTR,嘴形,,
