﻿番号,16,
名前,玉寄杏珠,
呼び名,杏珠,
CSTR,ふりがな,杏珠,

基礎,体力,2100

素質,外見年齢,3
素質,開朗,
素質,笨蛋,
素質,容易濕,
素質,不知羞恥,
素質,傲慢,
素質,接受快感,
素質,容易中毒,
素質,Ｃ性向

能力,欲望,1
能力,技巧,1
能力,Ｃ感覚,2
能力,Ｖ感覚,1
能力,Ｂ感覚,1

CSTR,称号,一般生徒
CSTR,学年,２年生
CSTR,出現場所,河边/公園/游戏中心/游戏中心/便利店/二手商店/漢堡店/直帰/ボーリング場/书店
CSTR,建议,无用相談＆和和闹闹


CSTR,陰毛的喜好,随意生長
CSTR,腋毛的喜好,自然
CSTR,喜欢的颜色,淡色
CSTR,関係,社团同伴

CSTR,茶,ジュース,		;ここに記述されているものを飲み物として用意してくれます
CSTR,喜欢的东西,八卦/游戏対戦/超大份的甜点,
CSTR,讨厌的东西,严肃的話題/无聊/通风不好的地方,
CSTR,種族,人类,

CSTR,髪色,茶髪,
CSTR,髪長,披肩,
CSTR,前髪,外八刘海,
CSTR,後髪,外八,
CSTR,改髪,无特殊髪型,
CSTR,呆毛,呆毛,
CSTR,蝴蝶結,无蝴蝶結,

CSTR,瞳色,黒,
CSTR,眼形,吊眼,
CSTR,白眼,无眼白,
CSTR,眉形,通常眉,
CSTR,嘴形,大口,
