﻿番号,44,
名前,白藤千紗,
呼び名,千紗,
CSTR,ふりがな,ちさ,

フラグ,夜型,1,		;これがONだと部室には現れず、自宅にのみ現れる

基礎,体力,1600


素質,処女,
素質,外見年齢,1,
素質,娇小,2,
素質,貧乳,
素質,小尻,
素質,坦率,
素質,開朗,
素質,温柔,
素質,好奇心,
;素質,賢い,
素質,不知羞恥,
素質,情熱的,
素質,汚臭鈍感,
素質,汚臭無視,
素質,疼痛無視,
素質,未成熟,
素質,子宮性感,
素質,肤色,2,
素質,苗条,
素質,避孕套派,-1,		;1でゴム派。-1だとゴム嫌い
;素質,セフレ,2,		;1自分から望んだセフレ, 2セフレ契約(魂と引き換えにＨ許可), 3性処理契約(魂を多めに差し出す代わりに、あなたの自由度が高い)


;信頼～尿道感覚は10LVでだいたいMAXです(上限自体は99LV)
;少しあるなら１、結構あるなら２～３、かなりあるなら４～５、程度が良いでしょう
能力,信頼,2,
能力,欲望,5,
能力,奉仕精神,3,
;この４つは５LVでだいたいMAXです(上限自体は99LV)
;少しあるなら１、結構あるなら２、かなりあるなら３、程度が良いでしょう
能力,受虐属性,2,
能力,施虐属性,4,

経験,Ｖ経験,0
経験,Ａ経験,0
経験,絶頂経験,0
経験,自慰経験,0

CSTR,称号,只知杀戮的杀人姫,		;職業とか種族とかあだ名とか
CSTR,種族,人类,		;種族名_補足_補足_…と記述する。例：猫の獣人だと 獣人_猫、取引の出来ない悪魔なら 悪魔_取引不能、など
CSTR,学年,浮浪者,		;学年とか教師とか
CSTR,喜欢的房间,,	;同棲した際に居つく場所（自室を持っているうえでよく居ます）。未設定なら自分の部屋にいます
CSTR,出現場所,小巷子,		;帰り道でよく寄る場所。/区切りで複数設定できます(複数書かれた場所に行きやすい)。例：本屋/本屋/コンビニ/コンビニ/コンビニ/ランジェリーショップ
CSTR,建议,無能,	;アドバイザーの時に発揮される力
CSTR,陰毛的喜好,白虎,	;パイパンor脱毛処理orツルツルorお手入れ済orナチュラルor生え放題 から選択。それを可能なら維持します。パイパンは毛が伸びません
CSTR,腋毛的喜好,無毛,	;無毛or脱毛処理orツルツルor生え放題 から選択。それを可能なら維持します。無毛は毛が伸びません
CSTR,喜欢的颜色,赤,		;下着などで好む色です。通常の色の他、ランダム選択となる Ｈな色、おとなしい色 が指定できます
CSTR,関係,借住,		;CSV記述の物が初期関係となる。……まぁ本質はセフレだけどな

;正常位, 後背位, 屈曲位, 対面座位, 背面座位, 騎乗位, 押し倒し騎乗位
;アナル正常位, アナル後背位, アナル屈曲位, アナル対面座位, アナル背面座位, アナル騎乗位, 押し倒しアナル騎乗位
;貝合わせ
;尿道正常位, 尿道後背位, 尿道屈曲位, 尿道対面座位, 尿道背面座位, 尿道騎乗位, 押し倒し尿道騎乗位
;の中から好きなものを2つまで選んで/で区切って指定できる。
;例1)CSTR,好きな体位,正常位,
;例2)CSTR,好きな体位,正常位/押し倒し騎乗位,
CSTR,喜欢的体位,対面座位,

CSTR,喜欢的胖次,,	;好きなパンツです。普段のパンツで穿きます。/区切りで複数指定OK。@PALAM_PANTIES の各LOCALSの先頭の文字列を/で区切ったもの、例えば フリルのパンツ/紐パン と記述する
CSTR,讨厌的胖次,,	;自分からは穿かないパンツです。指定可能なのは好きなパンツと一緒
CSTR,喜欢的胸罩,,	;パンツ同様、好きなブラです。@PALAM_BRA の各LOCALSの先頭の文字列を/で区切ったもの、例えば シンプルブラ/チューブトップ と記述する
CSTR,讨厌的胸罩,,	;パンツ同様

CSTR,茶,加了果酱的紅茶,		;ここに記述されているものを飲み物として用意してくれます
CSTR,喜欢的东西,殺人！,	;フレーバーです。/区切りで複数設定できます。例：ぬいぐるみ/料理
CSTR,讨厌的东西,警察…,	;フレーバーです。/区切りで複数設定できます。例：いも虫/トランプ

CSTR,髪色,茶髪,
CSTR,髪長,長,
CSTR,前髪,乱髪３,
CSTR,後髪,自然,
CSTR,改髪,无特殊髪型,
CSTR,呆毛,无呆毛,
CSTR,蝴蝶結,无蝴蝶結,

CSTR,瞳色,赤,
CSTR,眼形,垂眼２,
CSTR,白眼,有眼白,
CSTR,眉形,斜眉,
CSTR,嘴形,ワ,
