﻿番号,9,
名前,帕拉奇娜,
呼び名,帕拉奇娜,
CSTR,ふりがな,ぱらちね,

基礎,体力,2000

素質,外見年齢,3
素質,処女,
素質,娇小,
素質,難以越過的底線,
素質,献身,
素質,謙虚,
素質,保守的,
素質,贞操重视,
素質,否定快感,
素質,避妊の護符,
能力,奉仕精神,1

経験,自慰経験,3

CSTR,腋毛的喜好,光滑无毛,
CSTR,喜欢的颜色,淡色,

CSTR,喜欢的胖次,低腰胖次/低腰胖次/超低腰胖次/
CSTR,喜欢的胸罩,褶边の胸罩/褶边の胸罩/吊帯衫/

CSTR,称号,驱魔人
CSTR,種族,人类_驱魔人,	;エクソシスト
CSTR,学年,２年生

CSTR,建议,再生
CSTR,関係,交易对象
