﻿;文字列は半角で2000字まで格納できる
0,初期变量,		;初期の素質や重要なパラメータの記録
1,特別経験,		;特筆すべき経験や出来事の記録と表示に使う
2,喜欢的体位
3,Ｖ尿道拡張度
4,Ｐ尿道拡張度
5,Ｖ插入履歴
6,Ａ插入履歴
7,初行為相手,		;初キスとかの相手と日付の記録。ゲーム上には表示されないので分岐用
8,尿道插入履歴

11,被Ｖ中出
12,被Ａ中出
13,精飲
14,被乳内中出
15,被膀胱中出

17,希望着装履歴,	;あなたが着て欲しいとお願いした衣装の履歴
18,性処理履歴
19,避孕套履歴,		;今回のエロでのコンドーム履歴詳細
20,属性
21,性癖,		;属性の好み
22,弱点
23,合意,		;エロい行為に対しての合意。/合意/合意2/…/合意n/ の書式で記述する
24,お誘い,		;日常イベントでのお誘いフラグ。これがONだと相手はノリノリ
25,胖次收藏,	;このキャラから頂いたパンツ
26,晒痕,		;日焼け跡です
27,Ｐ汚れ,		;現在、誰の何で汚れているかの詳細記録
28,颜绘変化,		;@EMOTION_PLUSで使用する。一回使うごとに初期化されるのに注意


30,CEVENT
31,FIRST_EV,		;今までに経験したイベントの記録(システム側で勝手に記録してしまう点がCEVENTとは異なる)
32,DEVENT,		;メイン画面で発生するイベントの記録。システム側で勝手に記録するし、記録させてもＯＫ
33,NOW_DEVENT,		;DEVENTの記録の仕組みで使う
34,PREV_DAILYCOM,	;前回行った日常コマンド
35,PREV_胖次,		;前の時間のパンツ
36,DAILYCOM履歴,	;この時間に行った日常コマンド。時間ごとにリセットされる。＠コマンド1/＠コマンド2/…/＠コマンドn/形式で記録される
37,SEVENT,		;お買い物イベントでの出来事記録。このキャラ自身が買った物の記録もされる
38,SHOP_BUY履歴,	;この時間に"あなたとキャラが"買ったアイテムの記録
39,CDAYEV,		;DAYEVの記録に用いる

;40番台は現在の衣装
40,胖次
41,胸罩
42,服
43,裙
44,贴身制服
45,外套,		;パンストはここ
46,襪子
47,靴
48,手袋
49,飾品,		;メガネなど、その他

50,没収済胖次,	;没収したパンツ。返却可能です
51,Ｈ衣装,		;エッチの際に着てもらう服装です
52,脱掉的衣服一览,	;全裸になった際に記憶されます
53,希望着装衣装,	;これに着替えて欲しいな～って服
54,いつもの格好,	;いつもしている格好です。曜日と時間帯ごとに異なる
55,普段の髪型,		;普段している髪型です
56,帰宅時の格好,	;帰宅する際に本来していた格好です
57,今年の泳装,		;授業以外で着る水着。ビキニorワンピース水着or競泳水着orマイクロビキニ
58,脱掉的胖次,	;一時的に脱いだパンツ
59,脱掉的靴,		;自宅で脱いだ靴
60,実行可能指令
61,夜袭
62,朝袭
63,性処理,		;TEXTR形式で記録
64,しまった内衣,	;水着とかに着替えた際に一時的に脱いだ下着
65,現在位置,		;今居る場所です
66,移動履歴,		;この時間帯で移動した場所です
67,出産記録


;70～はキャラメイクとしてCSVに記述するもの
70,称号,		;職業とか種族とかあだ名とか
71,学年,		;学年とか教師とか
72,喜欢的房间,		;同棲した際に居つく場所（自室を持っているうえでよく居ます）。未設定なら自分の部屋にいます
73,出現場所,		;帰り道でよく寄る場所。/区切りで複数設定できます(複数書かれた場所に行きやすい)。例：本屋/本屋/コンビニ/コンビニ/コンビニ/ランジェリーショップ
74,建议,		;アドバイザーの時に発揮される力
75,仕事,		;仕事名_属性1_属性2_…_属性nを/区切りで複数指定して記述する
76,陰毛的喜好,		;脱毛処理orツルツルorお手入れ済orナチュラルor生え放題 から選択。それを可能なら維持します
77,腋毛的喜好,		;脱毛処理orツルツルor生え放題 から選択。それを可能なら維持します
78,喜欢的颜色,		;下着などで好む色です。通常の色の他、ランダム選択となる Ｈな色、おとなしい色 が指定できます
79,関係,		;CSV記述の物が初期関係となる。……まぁ本質はセフレだけどな

80,喜欢的胖次,	;好きなパンツです。普段のパンツで穿きます。/区切りで複数指定OK。@PALAM_PANTIES の各LOCALSの先頭の文字列、例えばフリルのパンツなどが指定可能
81,讨厌的胖次,	;自分からは穿かないパンツです。指定可能なのは好きなパンツと一緒
82,喜欢的胸罩,		;パンツ同様、好きなブラです。@PALAM_BRA の各LOCALSの先頭の文字列を/で区切ったもの、例えば シンプルブラ/チューブトップ と記述する
83,讨厌的胸罩,		;パンツ同様
84,茶,		;ここに記述されているものを飲み物として用意してくれます
85,喜欢的东西,		;フレーバーです。/区切りで複数設定できます。例：ぬいぐるみ/料理
86,讨厌的东西,		;フレーバーです。/区切りで複数設定できます。例：いも虫/トランプ
87,点心,		;ここに記述されているものを部室の食べ物として用意してくれます
88,種族,		;種族名_補足_補足_…と記述する。例：猫の獣人だと 獣人_猫、取引の出来ない悪魔なら 悪魔_取引不能、など。
89,ふりがな,		;CALLNAMEのみ対応

90,髪色,
91,髪長
92,前髪
93,後髪
94,改髪
95,呆毛
96,蝴蝶結

;目の色、目の形、白目は左右で変えたい場合には 右_左 と_で区切って個別に指定できる
;例）右目が青で左目が金色にしたいなら 青_金
100,瞳色
101,眼形
102,白眼
103,眉形
104,嘴形
105,頬
