﻿;1～9番までは主にステート変化に使用する
;レベル変化やターン制限等を含まないステート変化
1,ステート変化

; 3bit	眠気,	;眠くなってます
; 4bit	酔い,	;酒によってます
; 5bit	悪酔い,	;酒によってます
; 6bit 	恍惚
; 7bit	撃沈
; 9bit	ペニス陰核化
;10bit	具現

10,Ｈ的奖励,		;Ｈなご褒美権を使ってちょっと無理を聞いてもらう
11,お浴室でＨ,		;これからお風呂でＨする際にONになる

;40番台 該当箇所の衣装を着けていない場合には0になる。主にIF文中の判定に使用
40,胖次
41,胸罩
42,服
43,裙
44,贴身制服
45,外套
46,襪子, ;パンストはここ
47,靴
48,手袋
49,飾品, ;メガネなど、その他
