﻿;価格は現代の価値にして1$≒10～100円ぐらいか。大体の道具はスペア込み。
;0～29 大人のおもちゃ
0,跳蛋,500,
1,振動棒套装,1000,
2,肛用振動棒,1000,
3,肛門拉珠,1000,
4,極太振動棒,1500,
5,腕型振動棒,2000,
6,馬型振動棒,2500,
7,飞机杯,1000,
8,尿道探针,1000,
9,假阳具,2000,

;30～49 調教道具
30,导管,1500,
;31,膣鏡,2000
32,拘束具,5000,
33,浣腸,5000,
34,穿环套装,3000,
35,撮影機材,30000,



;50～59 消耗品
50,潤滑液,10,
51,避孕套,20,
52,媚薬,200,
53,創口貼,20,


;60～79 身嗜みor特殊アイテム
;61,エリクサー,55000,		;身体の異常を治し、リザレクション持ちならば魂を１回復させる凄い薬
;62,毛生え薬,2000,
;63,脱毛剤,2000,
;64,避妊の護符,30000,
;65,カカオマス,1000,
;66,カカオバター,1000,
;67,粉乳,1000,
;68,砂糖,1000,

;これ以下はITEM関係のフラグ
;80～89 消耗品使用量
80,開始時潤滑液数
81,開始時避孕套数
83,開始時創口貼数


;90～ 特殊アイテム。非売品
90,用过的避孕套
91,套套内精液
92,未飲的避孕套

