﻿;利便性の観点から、PALAMの名前とは異なるものに意図的にしてある事に注意
0,情愛,		;恭順,欲情
1,性行動,	;習得
2,達成感,	;恭順
3,疼痛,		;屈服,苦痛,恐怖,反感,欲情
4,充足,		;恭順,欲情,屈服
5,不潔,		;反感,欲情
6,露出,		;欲情,恥情,反感
7,屈従,		;屈服
8,逸脱,		;欲情,反感
9,恐惧,		;恐怖

10,Ｃ快楽
11,Ｖ快楽
12,Ａ快楽
13,Ｂ快楽
14,Ｍ快楽
15,尿道快楽

16,Ｖ液体追加
17,Ａ液体追加
18,Ｐ液体追加
19,恭順追加
20,欲情追加
21,反感追加
