﻿;淫紋
CIP淫紋汎用正面ピンク1,CIP淫紋汎用正面ピンク.png,0,0,300,100
CIP淫紋汎用正面ピンク2,CIP淫紋汎用正面ピンク.png,0,0,300,100
CIP淫紋汎用正面ピンク3,CIP淫紋汎用正面ピンク.png,300,0,300,100
CIP淫紋汎用正面ピンク4,CIP淫紋汎用正面ピンク.png,600,0,300,100
CIP淫紋汎用正面ピンクおめでた,CIP淫紋汎用正面ピンク.png,900,0,300,100

CIP淫紋すじピンク1,CIP淫紋すじピンク.png,0,0,300,100
CIP淫紋すじピンク2,CIP淫紋すじピンク.png,0,0,300,100
CIP淫紋すじピンク3,CIP淫紋すじピンク.png,300,0,300,100
CIP淫紋すじピンク4,CIP淫紋すじピンク.png,600,0,300,100
CIP淫紋すじピンクおめでた,CIP淫紋すじピンク.png,900,0,300,100

CIP淫紋ティアドロップピンク1,CIP淫紋ティアドロップピンク.png,0,0,300,100
CIP淫紋ティアドロップピンク2,CIP淫紋ティアドロップピンク.png,0,0,300,100
CIP淫紋ティアドロップピンク3,CIP淫紋ティアドロップピンク.png,300,0,300,100
CIP淫紋ティアドロップピンク4,CIP淫紋ティアドロップピンク.png,600,0,300,100
CIP淫紋ティアドロップピンクおめでた,CIP淫紋ティアドロップピンク.png,900,0,300,100

CIP淫紋マイクロピンク1,CIP淫紋マイクロピンク.png,0,0,300,100
CIP淫紋マイクロピンク2,CIP淫紋マイクロピンク.png,0,0,300,100
CIP淫紋マイクロピンク3,CIP淫紋マイクロピンク.png,300,0,300,100
CIP淫紋マイクロピンク4,CIP淫紋マイクロピンク.png,600,0,300,100
CIP淫紋マイクロピンクおめでた,CIP淫紋マイクロピンク.png,900,0,300,100

CIP淫紋レースピンク1,CIP淫紋レースピンク.png,0,0,300,100
CIP淫紋レースピンク2,CIP淫紋レースピンク.png,0,0,300,100
CIP淫紋レースピンク3,CIP淫紋レースピンク.png,300,0,300,100
CIP淫紋レースピンク4,CIP淫紋レースピンク.png,3\600,0,300,100
CIP淫紋レースピンクおめでた,CIP淫紋レースピンク.png,900,0,300,100

CIP淫紋汎用正面黒1,CIP淫紋汎用正面黒.png,0,0,300,100
CIP淫紋汎用正面黒2,CIP淫紋汎用正面黒.png,0,0,300,100
CIP淫紋汎用正面黒3,CIP淫紋汎用正面黒.png,300,0,300,100
CIP淫紋汎用正面黒4,CIP淫紋汎用正面黒.png,600,0,300,100
CIP淫紋汎用正面黒おめでた,CIP淫紋汎用正面黒.png,900,0,300,100

CIP淫紋すじ黒1,CIP淫紋すじ黒.png,0,0,300,100
CIP淫紋すじ黒2,CIP淫紋すじ黒.png,0,0,300,100
CIP淫紋すじ黒3,CIP淫紋すじ黒.png,300,0,300,100
CIP淫紋すじ黒4,CIP淫紋すじ黒.png,600,0,300,100
CIP淫紋すじ黒おめでた,CIP淫紋すじ黒.png,900,0,300,100

CIP淫紋ティアドロップ黒1,CIP淫紋ティアドロップ黒.png,0,0,300,100
CIP淫紋ティアドロップ黒2,CIP淫紋ティアドロップ黒.png,0,0,300,100
CIP淫紋ティアドロップ黒3,CIP淫紋ティアドロップ黒.png,300,0,300,100
CIP淫紋ティアドロップ黒4,CIP淫紋ティアドロップ黒.png,600,0,300,100
CIP淫紋ティアドロップ黒おめでた,CIP淫紋ティアドロップ黒.png,900,0,300,100

CIP淫紋マイクロ黒1,CIP淫紋マイクロ黒.png,0,0,300,100
CIP淫紋マイクロ黒2,CIP淫紋マイクロ黒.png,0,0,300,100
CIP淫紋マイクロ黒3,CIP淫紋マイクロ黒.png,300,0,300,100
CIP淫紋マイクロ黒4,CIP淫紋マイクロ黒.png,600,0,300,100
CIP淫紋マイクロ黒おめでた,CIP淫紋マイクロ黒.png,900,0,300,100

CIP淫紋レース黒1,CIP淫紋レース黒.png,0,0,300,100
CIP淫紋レース黒2,CIP淫紋レース黒.png,0,0,300,100
CIP淫紋レース黒3,CIP淫紋レース黒.png,300,0,300,100
CIP淫紋レース黒4,CIP淫紋レース黒.png,600,0,300,100
CIP淫紋レース黒おめでた,CIP淫紋レース黒.png,900,0,300,100
