;12耳
12人間耳普通,12a.png,0,0,300,300
12人間耳褐色肌,12a.png,300,0,300,300
12人間耳色白,12a.png,600,0,300,300
12人間耳青肌,12a.png,900,0,300,300

12エルフ耳普通,12b.png,0,0,300,300
12エルフ耳褐色肌,12b.png,300,0,300,300
12エルフ耳色白,12b.png,600,0,300,300
12エルフ耳青肌,12b.png,900,0,300,300

12魔族耳普通,12c.png,0,0,300,300
12魔族耳褐色肌,12c.png,300,0,300,300
12魔族耳色白,12c.png,600,0,300,300
12魔族耳青肌,12c.png,900,0,300,300

12動物耳金,12d.png,0,0,300,300
12動物耳銀,12d.png,300,0,300,300
12動物耳黒,12d.png,600,0,300,300
12動物耳紫,12d.png,900,0,300,300
12動物耳青,12d.png,1200,0,300,300
12動物耳白,12d.png,1500,0,300,300
12動物耳焦茶,12d.png,1800,0,300,300
12動物耳真鍮,12d.png,2100,0,300,300
12動物耳赤,12d.png,0,300,300,300
12動物耳茶,12d.png,300,300,300,300
12動物耳桃,12d.png,600,300,300,300
12動物耳緑,12d.png,900,300,300,300
12動物耳紅,12d.png,1200,300,300,300
12動物耳紺,12d.png,1500,300,300,300
12動物耳深緑,12d.png,1800,300,300,300

12動物タレ耳金,12d2.png,0,0,300,300
12動物タレ耳銀,12d2.png,300,0,300,300
12動物タレ耳黒,12d2.png,600,0,300,300
12動物タレ耳紫,12d2.png,900,0,300,300
12動物タレ耳青,12d2.png,1200,0,300,300
12動物タレ耳白,12d2.png,1500,0,300,300
12動物タレ耳焦茶,12d2.png,1800,0,300,300
12動物タレ耳真鍮,12d2.png,2100,0,300,300
12動物タレ耳赤,12d2.png,0,300,300,300
12動物タレ耳茶,12d2.png,300,300,300,300
12動物タレ耳桃,12d2.png,600,300,300,300
12動物タレ耳緑,12d2.png,900,300,300,300
12動物タレ耳紅,12d2.png,1200,300,300,300
12動物タレ耳紺,12d2.png,1500,300,300,300
12動物タレ耳深緑,12d2.png,1800,300,300,300

12兎耳金,12e.png,0,0,300,300
12兎耳銀,12e.png,300,0,300,300
12兎耳黒,12e.png,600,0,300,300
12兎耳紫,12e.png,900,0,300,300
12兎耳青,12e.png,1200,0,300,300
12兎耳白,12e.png,1500,0,300,300
12兎耳焦茶,12e.png,1800,0,300,300
12兎耳真鍮,12e.png,2100,0,300,300
12兎耳赤,12e.png,0,300,300,300
12兎耳茶,12e.png,300,300,300,300
12兎耳桃,12e.png,600,300,300,300
12兎耳緑,12e.png,900,300,300,300
12兎耳紅,12e.png,1200,300,300,300
12兎耳紺,12e.png,1500,300,300,300
12兎耳深緑,12e.png,1800,300,300,300

