﻿;淫紋
CIP腹普通,腹肌色.png,0,0,150,150
CIP腹普通スリム,腹肌色.png,150,0,150,150
CIP腹普通筋肉質,腹肌色.png,300,0,150,150
CIP腹普通油断,腹肌色.png,450,0,150,150

CIP腹褐色肌,腹褐色.png,0,0,150,150
CIP腹褐色肌スリム,腹褐色.png,150,0,150,150
CIP腹褐色肌筋肉質,腹褐色.png,300,0,150,150
CIP腹褐色肌油断,腹褐色.png,450,0,150,150

CIP腹色白,腹色白.png,0,0,150,150
CIP腹色白スリム,腹色白.png,150,0,150,150
CIP腹色白筋肉質,腹色白.png,300,0,150,150
CIP腹色白油断,腹色白.png,450,0,150,150

CIP腹青肌,腹青肌.png,0,0,150,150
CIP腹青肌スリム,腹青肌.png,150,0,150,150
CIP腹青肌筋肉質,腹青肌.png,300,0,150,150
CIP腹青肌油断,腹青肌.png,450,0,150,150


CIP淫紋羽化ピンク1,淫紋羽化1.png,0,0,150,150
CIP淫紋羽化ピンク2,淫紋羽化1.png,150,0,150,150
CIP淫紋羽化ピンク3,淫紋羽化1.png,300,0,150,150
CIP淫紋羽化ピンク4,淫紋羽化1.png,450,0,150,150
CIP淫紋羽化ピンクおめでた,淫紋羽化1.png,600,0,150,150
CIP淫紋羽化黒1,淫紋羽化黒1.png,0,0,150,150
CIP淫紋羽化黒2,淫紋羽化黒1.png,150,0,150,150
CIP淫紋羽化黒3,淫紋羽化黒1.png,300,0,150,150
CIP淫紋羽化黒4,淫紋羽化黒1.png,450,0,150,150
CIP淫紋羽化黒おめでた,淫紋羽化黒1.png,600,0,150,150

CIP淫紋改造ピンク1,淫紋改造1.png,0,0,150,150
CIP淫紋改造ピンク2,淫紋改造1.png,150,0,150,150
CIP淫紋改造ピンク3,淫紋改造1.png,300,0,150,150
CIP淫紋改造ピンク4,淫紋改造1.png,450,0,150,150
CIP淫紋改造ピンクおめでた,淫紋改造1.png,600,0,150,150
CIP淫紋改造黒1,淫紋改造黒1.png,0,0,150,150
CIP淫紋改造黒2,淫紋改造黒1.png,150,0,150,150
CIP淫紋改造黒3,淫紋改造黒1.png,300,0,150,150
CIP淫紋改造黒4,淫紋改造黒1.png,450,0,150,150
CIP淫紋改造黒おめでた,淫紋改造黒1.png,600,0,150,150

CIP淫紋開花ピンク1,淫紋開花1.png,0,0,150,150
CIP淫紋開花ピンク2,淫紋開花1.png,150,0,150,150
CIP淫紋開花ピンク3,淫紋開花1.png,300,0,150,150
CIP淫紋開花ピンク4,淫紋開花1.png,450,0,150,150
CIP淫紋開花ピンクおめでた,淫紋開花1.png,600,0,150,150
CIP淫紋開花黒1,淫紋開花黒1.png,0,0,150,150
CIP淫紋開花黒2,淫紋開花黒1.png,150,0,150,150
CIP淫紋開花黒3,淫紋開花黒1.png,300,0,150,150
CIP淫紋開花黒4,淫紋開花黒1.png,450,0,150,150
CIP淫紋開花黒おめでた,淫紋開花黒1.png,600,0,150,150

CIP淫紋基本ピンク1,淫紋基本1.png,0,0,150,150
CIP淫紋基本ピンク2,淫紋基本1.png,0,0,150,150
CIP淫紋基本ピンク3,淫紋基本1.png,150,0,150,150
CIP淫紋基本ピンク4,淫紋基本1.png,450,0,150,150
CIP淫紋基本ピンクおめでた,淫紋基本1.png,600,0,150,150
CIP淫紋基本黒1,淫紋基本黒1.png,0,0,150,150
CIP淫紋基本黒2,淫紋基本黒1.png,0,0,150,150
CIP淫紋基本黒3,淫紋基本黒1.png,150,0,150,150
CIP淫紋基本黒4,淫紋基本黒1.png,450,0,150,150
CIP淫紋基本黒おめでた,淫紋基本黒1.png,600,0,150,150

CIP淫紋寄生ピンク1,淫紋寄生1.png,0,0,150,150
CIP淫紋寄生ピンク2,淫紋寄生1.png,150,0,150,150
CIP淫紋寄生ピンク3,淫紋寄生1.png,300,0,150,150
CIP淫紋寄生ピンク4,淫紋寄生1.png,450,0,150,150
CIP淫紋寄生ピンクおめでた,淫紋寄生1.png,600,0,150,150
CIP淫紋寄生黒1,淫紋寄生黒1.png,0,0,150,150
CIP淫紋寄生黒2,淫紋寄生黒1.png,150,0,150,150
CIP淫紋寄生黒3,淫紋寄生黒1.png,300,0,150,150
CIP淫紋寄生黒4,淫紋寄生黒1.png,450,0,150,150
CIP淫紋寄生黒おめでた,淫紋寄生黒1.png,600,0,150,150

CIP淫紋浸食ピンク1,淫紋浸食1.png,0,0,150,150
CIP淫紋浸食ピンク2,淫紋浸食1.png,150,0,150,150
CIP淫紋浸食ピンク3,淫紋浸食1.png,300,0,150,150
CIP淫紋浸食ピンク4,淫紋浸食1.png,450,0,150,150
CIP淫紋浸食ピンクおめでた,淫紋浸食1.png,600,0,150,150
CIP淫紋浸食黒1,淫紋浸食黒1.png,0,0,150,150
CIP淫紋浸食黒2,淫紋浸食黒1.png,150,0,150,150
CIP淫紋浸食黒3,淫紋浸食黒1.png,300,0,150,150
CIP淫紋浸食黒4,淫紋浸食黒1.png,450,0,150,150
CIP淫紋浸食黒おめでた,淫紋浸食黒1.png,600,0,150,150

CIP淫紋堕落ピンク1,淫紋堕落1.png,0,0,150,150
CIP淫紋堕落ピンク2,淫紋堕落1.png,150,0,150,150
CIP淫紋堕落ピンク3,淫紋堕落1.png,300,0,150,150
CIP淫紋堕落ピンク4,淫紋堕落1.png,450,0,150,150
CIP淫紋堕落ピンクおめでた,淫紋堕落1.png,600,0,150,150
CIP淫紋堕落黒1,淫紋堕落黒1.png,0,0,150,150
CIP淫紋堕落黒2,淫紋堕落黒1.png,150,0,150,150
CIP淫紋堕落黒3,淫紋堕落黒1.png,300,0,150,150
CIP淫紋堕落黒4,淫紋堕落黒1.png,450,0,150,150
CIP淫紋堕落黒おめでた,淫紋堕落黒1.png,600,0,150,150

CIP淫紋隷属ピンク1,淫紋隷属1.png,0,0,150,150
CIP淫紋隷属ピンク2,淫紋隷属1.png,150,0,150,150
CIP淫紋隷属ピンク3,淫紋隷属1.png,300,0,150,150
CIP淫紋隷属ピンク4,淫紋隷属1.png,450,0,150,150
CIP淫紋隷属ピンクおめでた,淫紋隷属1.png,600,0,150,150
CIP淫紋隷属黒1,淫紋隷属黒1.png,0,0,150,150
CIP淫紋隷属黒2,淫紋隷属黒1.png,150,0,150,150
CIP淫紋隷属黒3,淫紋隷属黒1.png,300,0,150,150
CIP淫紋隷属黒4,淫紋隷属黒1.png,450,0,150,150
CIP淫紋隷属黒おめでた,淫紋隷属黒1.png,600,0,150,150

CIP淫紋封入ピンク1,淫紋封入1.png,0,0,150,150
CIP淫紋封入ピンク2,淫紋封入1.png,150,0,150,150
CIP淫紋封入ピンク3,淫紋封入1.png,300,0,150,150
CIP淫紋封入ピンク4,淫紋封入1.png,450,0,150,150
CIP淫紋封入ピンクおめでた,淫紋封入1.png,600,0,150,150
CIP淫紋封入黒1,淫紋封入黒1.png,0,0,150,150
CIP淫紋封入黒2,淫紋封入黒1.png,150,0,150,150
CIP淫紋封入黒3,淫紋封入黒1.png,300,0,150,150
CIP淫紋封入黒4,淫紋封入黒1.png,450,0,150,150
CIP淫紋封入黒おめでた,淫紋封入黒1.png,600,0,150,150

CIP淫紋聖翼ピンク1,淫紋聖翼1.png,0,0,150,150
CIP淫紋聖翼ピンク2,淫紋聖翼1.png,150,0,150,150
CIP淫紋聖翼ピンク3,淫紋聖翼1.png,300,0,150,150
CIP淫紋聖翼ピンク4,淫紋聖翼1.png,450,0,150,150
CIP淫紋聖翼ピンクおめでた,淫紋聖翼1.png,600,0,150,150
CIP淫紋聖翼黒1,淫紋聖翼黒1.png,0,0,150,150
CIP淫紋聖翼黒2,淫紋聖翼黒1.png,150,0,150,150
CIP淫紋聖翼黒3,淫紋聖翼黒1.png,300,0,150,150
CIP淫紋聖翼黒4,淫紋聖翼黒1.png,450,0,150,150
CIP淫紋聖翼黒おめでた,淫紋聖翼黒1.png,600,0,150,150
