﻿CIPＧストリング普通,CIPＧストリング肌色.png,0,0,300,100
CIPＧストリング褐色肌,CIPＧストリング褐色.png,0,0,300,100
CIPＧストリング色白,CIPＧストリング色白.png,0,0,300,100
CIPＧストリング青肌,CIPＧストリング青肌.png,0,0,300,100
CIPＧストリング赤,CIPＧストリング赤.png,0,0,300,100
CIPＧストリング黒,CIPＧストリング黒.png,0,0,300,100
CIPＧストリング紫,CIPＧストリング紫.png,0,0,300,100
CIPＧストリング青,CIPＧストリング青.png,0,0,300,100

CIPＧストリング豹柄,CIPＧストリング豹柄.png,0,0,300,100
