﻿CIP子供パンツ普通,CIP女児ショーツ肌色.png,0,0,300,100
CIP子供パンツ褐色肌,CIP女児ショーツ褐色.png,0,0,300,100
CIP子供パンツ色白,CIP女児ショーツ色白.png,0,0,300,100
CIP子供パンツ青肌,CIP女児ショーツ青肌.png,0,0,300,100
CIP子供パンツいちご柄,CIP女児ショーツいちご.png,0,0,300,100
CIP子供パンツくま柄,CIP女児ショーツくま.png,0,0,300,100
CIP子供パンツさかな柄,CIP女児ショーツさかな.png,0,0,300,100
CIP子供パンツねこ柄,CIP女児ショーツねこ.png,0,0,300,100
CIP子供パンツひよこ柄,CIP女児ショーツひよこ.png,0,0,300,100
CIP子供パンツりぼん柄,CIP女児ショーツりぼん.png,0,0,300,100
CIP子供パンツ水玉模様,CIP女児ショーツ水玉.png,0,0,300,100
CIP子供パンツ緑色,CIP女児ショーツ緑.png,0,0,300,100
