﻿;11目
11通常目金左白目なし,11aL.png,0,0,300,300
11通常目黒左白目なし,11aL.png,300,0,300,300
11通常目紫左白目なし,11aL.png,600,0,300,300
11通常目青左白目なし,11aL.png,900,0,300,300
11通常目銀左白目なし,11aL.png,1200,0,300,300
11通常目焦茶左白目なし,11aL.png,1500,0,300,300
11通常目真鍮左白目なし,11aL.png,1800,0,300,300
11通常目赤左白目なし,11aL.png,0,300,300,300
11通常目茶左白目なし,11aL.png,300,300,300,300
11通常目緑左白目なし,11aL.png,600,300,300,300
11通常目紅左白目なし,11aL.png,900,300,300,300
11通常目紺左白目なし,11aL.png,1200,300,300,300
11通常目深緑左白目なし,11aL.png,1500,300,300,300
11通常目白左白目なし,11aL.png,1800,300,300,300
11通常目金右白目なし,11aR.png,0,0,300,300
11通常目黒右白目なし,11aR.png,300,0,300,300
11通常目紫右白目なし,11aR.png,600,0,300,300
11通常目青右白目なし,11aR.png,900,0,300,300
11通常目銀右白目なし,11aR.png,1200,0,300,300
11通常目焦茶右白目なし,11aR.png,1500,0,300,300
11通常目真鍮右白目なし,11aR.png,1800,0,300,300
11通常目赤右白目なし,11aR.png,0,300,300,300
11通常目茶右白目なし,11aR.png,300,300,300,300
11通常目緑右白目なし,11aR.png,600,300,300,300
11通常目紅右白目なし,11aR.png,900,300,300,300
11通常目紺右白目なし,11aR.png,1200,300,300,300
11通常目深緑右白目なし,11aR.png,1500,300,300,300
11通常目白右白目なし,11aR.png,1800,300,300,300
11通常目金左白目あり,11aLw.png,0,0,300,300
11通常目黒左白目あり,11aLw.png,300,0,300,300
11通常目紫左白目あり,11aLw.png,600,0,300,300
11通常目青左白目あり,11aLw.png,900,0,300,300
11通常目銀左白目あり,11aLw.png,1200,0,300,300
11通常目焦茶左白目あり,11aLw.png,1500,0,300,300
11通常目真鍮左白目あり,11aLw.png,1800,0,300,300
11通常目赤左白目あり,11aLw.png,0,300,300,300
11通常目茶左白目あり,11aLw.png,300,300,300,300
11通常目緑左白目あり,11aLw.png,600,300,300,300
11通常目紅左白目あり,11aLw.png,900,300,300,300
11通常目紺左白目あり,11aLw.png,1200,300,300,300
11通常目深緑左白目あり,11aLw.png,1500,300,300,300
11通常目白左白目あり,11aLw.png,1800,300,300,300
11通常目金右白目あり,11aRw.png,0,0,300,300
11通常目黒右白目あり,11aRw.png,300,0,300,300
11通常目紫右白目あり,11aRw.png,600,0,300,300
11通常目青右白目あり,11aRw.png,900,0,300,300
11通常目銀右白目あり,11aRw.png,1200,0,300,300
11通常目焦茶右白目あり,11aRw.png,1500,0,300,300
11通常目真鍮右白目あり,11aRw.png,1800,0,300,300
11通常目赤右白目あり,11aRw.png,0,300,300,300
11通常目茶右白目あり,11aRw.png,300,300,300,300
11通常目緑右白目あり,11aRw.png,600,300,300,300
11通常目紅右白目あり,11aRw.png,900,300,300,300
11通常目紺右白目あり,11aRw.png,1200,300,300,300
11通常目深緑右白目あり,11aRw.png,1500,300,300,300
11通常目白右白目あり,11aRw.png,1800,300,300,300
11通常目金左黒目あり,11aLb.png,0,0,300,300
11通常目黒左黒目あり,11aLb.png,300,0,300,300
11通常目紫左黒目あり,11aLb.png,600,0,300,300
11通常目青左黒目あり,11aLb.png,900,0,300,300
11通常目銀左黒目あり,11aLb.png,1200,0,300,300
11通常目焦茶左黒目あり,11aLb.png,1500,0,300,300
11通常目真鍮左黒目あり,11aLb.png,1800,0,300,300
11通常目赤左黒目あり,11aLb.png,0,300,300,300
11通常目茶左黒目あり,11aLb.png,300,300,300,300
11通常目緑左黒目あり,11aLb.png,600,300,300,300
11通常目紅左黒目あり,11aLb.png,900,300,300,300
11通常目紺左黒目あり,11aLb.png,1200,300,300,300
11通常目深緑左黒目あり,11aLb.png,1500,300,300,300
11通常目白左黒目あり,11aLb.png,1800,300,300,300
11通常目金右黒目あり,11aRb.png,0,0,300,300
11通常目黒右黒目あり,11aRb.png,300,0,300,300
11通常目紫右黒目あり,11aRb.png,600,0,300,300
11通常目青右黒目あり,11aRb.png,900,0,300,300
11通常目銀右黒目あり,11aRb.png,1200,0,300,300
11通常目焦茶右黒目あり,11aRb.png,1500,0,300,300
11通常目真鍮右黒目あり,11aRb.png,1800,0,300,300
11通常目赤右黒目あり,11aRb.png,0,300,300,300
11通常目茶右黒目あり,11aRb.png,300,300,300,300
11通常目緑右黒目あり,11aRb.png,600,300,300,300
11通常目紅右黒目あり,11aRb.png,900,300,300,300
11通常目紺右黒目あり,11aRb.png,1200,300,300,300
11通常目深緑右黒目あり,11aRb.png,1500,300,300,300
11通常目白右黒目あり,11aRb.png,1800,300,300,300

11通常目２金左白目なし,11a2L.png,0,0,300,300
11通常目２黒左白目なし,11a2L.png,300,0,300,300
11通常目２紫左白目なし,11a2L.png,600,0,300,300
11通常目２青左白目なし,11a2L.png,900,0,300,300
11通常目２銀左白目なし,11a2L.png,1200,0,300,300
11通常目２焦茶左白目なし,11a2L.png,1500,0,300,300
11通常目２真鍮左白目なし,11a2L.png,1800,0,300,300
11通常目２赤左白目なし,11a2L.png,0,300,300,300
11通常目２茶左白目なし,11a2L.png,300,300,300,300
11通常目２緑左白目なし,11a2L.png,600,300,300,300
11通常目２紅左白目なし,11a2L.png,900,300,300,300
11通常目２紺左白目なし,11a2L.png,1200,300,300,300
11通常目２深緑左白目なし,11a2L.png,1500,300,300,300
11通常目２白左白目なし,11a2L.png,1800,300,300,300
11通常目２金右白目なし,11a2R.png,0,0,300,300
11通常目２黒右白目なし,11a2R.png,300,0,300,300
11通常目２紫右白目なし,11a2R.png,600,0,300,300
11通常目２青右白目なし,11a2R.png,900,0,300,300
11通常目２銀右白目なし,11a2R.png,1200,0,300,300
11通常目２焦茶右白目なし,11a2R.png,1500,0,300,300
11通常目２真鍮右白目なし,11a2R.png,1800,0,300,300
11通常目２赤右白目なし,11a2R.png,0,300,300,300
11通常目２茶右白目なし,11a2R.png,300,300,300,300
11通常目２緑右白目なし,11a2R.png,600,300,300,300
11通常目２紅右白目なし,11a2R.png,900,300,300,300
11通常目２紺右白目なし,11a2R.png,1200,300,300,300
11通常目２深緑右白目なし,11a2R.png,1500,300,300,300
11通常目２白右白目なし,11a2R.png,1800,300,300,300
11通常目２金左白目あり,11a2Lw.png,0,0,300,300
11通常目２黒左白目あり,11a2Lw.png,300,0,300,300
11通常目２紫左白目あり,11a2Lw.png,600,0,300,300
11通常目２青左白目あり,11a2Lw.png,900,0,300,300
11通常目２銀左白目あり,11a2Lw.png,1200,0,300,300
11通常目２焦茶左白目あり,11a2Lw.png,1500,0,300,300
11通常目２真鍮左白目あり,11a2Lw.png,1800,0,300,300
11通常目２赤左白目あり,11a2Lw.png,0,300,300,300
11通常目２茶左白目あり,11a2Lw.png,300,300,300,300
11通常目２緑左白目あり,11a2Lw.png,600,300,300,300
11通常目２紅左白目あり,11a2Lw.png,900,300,300,300
11通常目２紺左白目あり,11a2Lw.png,1200,300,300,300
11通常目２深緑左白目あり,11a2Lw.png,1500,300,300,300
11通常目２白左白目あり,11a2Lw.png,1800,300,300,300
11通常目２金右白目あり,11a2Rw.png,0,0,300,300
11通常目２黒右白目あり,11a2Rw.png,300,0,300,300
11通常目２紫右白目あり,11a2Rw.png,600,0,300,300
11通常目２青右白目あり,11a2Rw.png,900,0,300,300
11通常目２銀右白目あり,11a2Rw.png,1200,0,300,300
11通常目２焦茶右白目あり,11a2Rw.png,1500,0,300,300
11通常目２真鍮右白目あり,11a2Rw.png,1800,0,300,300
11通常目２赤右白目あり,11a2Rw.png,0,300,300,300
11通常目２茶右白目あり,11a2Rw.png,300,300,300,300
11通常目２緑右白目あり,11a2Rw.png,600,300,300,300
11通常目２紅右白目あり,11a2Rw.png,900,300,300,300
11通常目２紺右白目あり,11a2Rw.png,1200,300,300,300
11通常目２深緑右白目あり,11a2Rw.png,1500,300,300,300
11通常目２白右白目あり,11a2Rw.png,1800,300,300,300
11通常目２金左黒目あり,11a2Lb.png,0,0,300,300
11通常目２黒左黒目あり,11a2Lb.png,300,0,300,300
11通常目２紫左黒目あり,11a2Lb.png,600,0,300,300
11通常目２青左黒目あり,11a2Lb.png,900,0,300,300
11通常目２銀左黒目あり,11a2Lb.png,1200,0,300,300
11通常目２焦茶左黒目あり,11a2Lb.png,1500,0,300,300
11通常目２真鍮左黒目あり,11a2Lb.png,1800,0,300,300
11通常目２赤左黒目あり,11a2Lb.png,0,300,300,300
11通常目２茶左黒目あり,11a2Lb.png,300,300,300,300
11通常目２緑左黒目あり,11a2Lb.png,600,300,300,300
11通常目２紅左黒目あり,11a2Lb.png,900,300,300,300
11通常目２紺左黒目あり,11a2Lb.png,1200,300,300,300
11通常目２深緑左黒目あり,11a2Lb.png,1500,300,300,300
11通常目２白左黒目あり,11a2Lb.png,1800,300,300,300
11通常目２金右黒目あり,11a2Rb.png,0,0,300,300
11通常目２黒右黒目あり,11a2Rb.png,300,0,300,300
11通常目２紫右黒目あり,11a2Rb.png,600,0,300,300
11通常目２青右黒目あり,11a2Rb.png,900,0,300,300
11通常目２銀右黒目あり,11a2Rb.png,1200,0,300,300
11通常目２焦茶右黒目あり,11a2Rb.png,1500,0,300,300
11通常目２真鍮右黒目あり,11a2Rb.png,1800,0,300,300
11通常目２赤右黒目あり,11a2Rb.png,0,300,300,300
11通常目２茶右黒目あり,11a2Rb.png,300,300,300,300
11通常目２緑右黒目あり,11a2Rb.png,600,300,300,300
11通常目２紅右黒目あり,11a2Rb.png,900,300,300,300
11通常目２紺右黒目あり,11a2Rb.png,1200,300,300,300
11通常目２深緑右黒目あり,11a2Rb.png,1500,300,300,300
11通常目２白右黒目あり,11a2Rb.png,1800,300,300,300


11ツリ目金左白目なし,11bL.png,0,0,300,300
11ツリ目黒左白目なし,11bL.png,300,0,300,300
11ツリ目紫左白目なし,11bL.png,600,0,300,300
11ツリ目青左白目なし,11bL.png,900,0,300,300
11ツリ目銀左白目なし,11bL.png,1200,0,300,300
11ツリ目焦茶左白目なし,11bL.png,1500,0,300,300
11ツリ目真鍮左白目なし,11bL.png,1800,0,300,300
11ツリ目赤左白目なし,11bL.png,0,300,300,300
11ツリ目茶左白目なし,11bL.png,300,300,300,300
11ツリ目緑左白目なし,11bL.png,600,300,300,300
11ツリ目紅左白目なし,11bL.png,900,300,300,300
11ツリ目紺左白目なし,11bL.png,1200,300,300,300
11ツリ目深緑左白目なし,11bL.png,1500,300,300,300
11ツリ目白左白目なし,11bL.png,1800,300,300,300
11ツリ目金右白目なし,11bR.png,0,0,300,300
11ツリ目黒右白目なし,11bR.png,300,0,300,300
11ツリ目紫右白目なし,11bR.png,600,0,300,300
11ツリ目青右白目なし,11bR.png,900,0,300,300
11ツリ目銀右白目なし,11bR.png,1200,0,300,300
11ツリ目焦茶右白目なし,11bR.png,1500,0,300,300
11ツリ目真鍮右白目なし,11bR.png,1800,0,300,300
11ツリ目赤右白目なし,11bR.png,0,300,300,300
11ツリ目茶右白目なし,11bR.png,300,300,300,300
11ツリ目緑右白目なし,11bR.png,600,300,300,300
11ツリ目紅右白目なし,11bR.png,900,300,300,300
11ツリ目紺右白目なし,11bR.png,1200,300,300,300
11ツリ目深緑右白目なし,11bR.png,1500,300,300,300
11ツリ目白右白目なし,11bR.png,1800,300,300,300
11ツリ目金左白目あり,11bLw.png,0,0,300,300
11ツリ目黒左白目あり,11bLw.png,300,0,300,300
11ツリ目紫左白目あり,11bLw.png,600,0,300,300
11ツリ目青左白目あり,11bLw.png,900,0,300,300
11ツリ目銀左白目あり,11bLw.png,1200,0,300,300
11ツリ目焦茶左白目あり,11bLw.png,1500,0,300,300
11ツリ目真鍮左白目あり,11bLw.png,1800,0,300,300
11ツリ目赤左白目あり,11bLw.png,0,300,300,300
11ツリ目茶左白目あり,11bLw.png,300,300,300,300
11ツリ目緑左白目あり,11bLw.png,600,300,300,300
11ツリ目紅左白目あり,11bLw.png,900,300,300,300
11ツリ目紺左白目あり,11bLw.png,1200,300,300,300
11ツリ目深緑左白目あり,11bLw.png,1500,300,300,300
11ツリ目白左白目あり,11bLw.png,1800,300,300,300
11ツリ目金右白目あり,11bRw.png,0,0,300,300
11ツリ目黒右白目あり,11bRw.png,300,0,300,300
11ツリ目紫右白目あり,11bRw.png,600,0,300,300
11ツリ目青右白目あり,11bRw.png,900,0,300,300
11ツリ目銀右白目あり,11bRw.png,1200,0,300,300
11ツリ目焦茶右白目あり,11bRw.png,1500,0,300,300
11ツリ目真鍮右白目あり,11bRw.png,1800,0,300,300
11ツリ目赤右白目あり,11bRw.png,0,300,300,300
11ツリ目茶右白目あり,11bRw.png,300,300,300,300
11ツリ目緑右白目あり,11bRw.png,600,300,300,300
11ツリ目紅右白目あり,11bRw.png,900,300,300,300
11ツリ目紺右白目あり,11bRw.png,1200,300,300,300
11ツリ目深緑右白目あり,11bRw.png,1500,300,300,300
11ツリ目白右白目あり,11bRw.png,1800,300,300,300
11ツリ目金左黒目あり,11bLb.png,0,0,300,300
11ツリ目黒左黒目あり,11bLb.png,300,0,300,300
11ツリ目紫左黒目あり,11bLb.png,600,0,300,300
11ツリ目青左黒目あり,11bLb.png,900,0,300,300
11ツリ目銀左黒目あり,11bLb.png,1200,0,300,300
11ツリ目焦茶左黒目あり,11bLb.png,1500,0,300,300
11ツリ目真鍮左黒目あり,11bLb.png,1800,0,300,300
11ツリ目赤左黒目あり,11bLb.png,0,300,300,300
11ツリ目茶左黒目あり,11bLb.png,300,300,300,300
11ツリ目緑左黒目あり,11bLb.png,600,300,300,300
11ツリ目紅左黒目あり,11bLb.png,900,300,300,300
11ツリ目紺左黒目あり,11bLb.png,1200,300,300,300
11ツリ目深緑左黒目あり,11bLb.png,1500,300,300,300
11ツリ目白左黒目あり,11bLb.png,1800,300,300,300
11ツリ目金右黒目あり,11bRb.png,0,0,300,300
11ツリ目黒右黒目あり,11bRb.png,300,0,300,300
11ツリ目紫右黒目あり,11bRb.png,600,0,300,300
11ツリ目青右黒目あり,11bRb.png,900,0,300,300
11ツリ目銀右黒目あり,11bRb.png,1200,0,300,300
11ツリ目焦茶右黒目あり,11bRb.png,1500,0,300,300
11ツリ目真鍮右黒目あり,11bRb.png,1800,0,300,300
11ツリ目赤右黒目あり,11bRb.png,0,300,300,300
11ツリ目茶右黒目あり,11bRb.png,300,300,300,300
11ツリ目緑右黒目あり,11bRb.png,600,300,300,300
11ツリ目紅右黒目あり,11bRb.png,900,300,300,300
11ツリ目紺右黒目あり,11bRb.png,1200,300,300,300
11ツリ目深緑右黒目あり,11bRb.png,1500,300,300,300
11ツリ目白右黒目あり,11bRb.png,1800,300,300,300

11ツリ目２金左白目なし,11b2L.png,0,0,300,300
11ツリ目２黒左白目なし,11b2L.png,300,0,300,300
11ツリ目２紫左白目なし,11b2L.png,600,0,300,300
11ツリ目２青左白目なし,11b2L.png,900,0,300,300
11ツリ目２銀左白目なし,11b2L.png,1200,0,300,300
11ツリ目２焦茶左白目なし,11b2L.png,1500,0,300,300
11ツリ目２真鍮左白目なし,11b2L.png,1800,0,300,300
11ツリ目２赤左白目なし,11b2L.png,0,300,300,300
11ツリ目２茶左白目なし,11b2L.png,300,300,300,300
11ツリ目２緑左白目なし,11b2L.png,600,300,300,300
11ツリ目２紅左白目なし,11b2L.png,900,300,300,300
11ツリ目２紺左白目なし,11b2L.png,1200,300,300,300
11ツリ目２深緑左白目なし,11b2L.png,1500,300,300,300
11ツリ目２白左白目なし,11b2L.png,1800,300,300,300
11ツリ目２金右白目なし,11b2R.png,0,0,300,300
11ツリ目２黒右白目なし,11b2R.png,300,0,300,300
11ツリ目２紫右白目なし,11b2R.png,600,0,300,300
11ツリ目２青右白目なし,11b2R.png,900,0,300,300
11ツリ目２銀右白目なし,11b2R.png,1200,0,300,300
11ツリ目２焦茶右白目なし,11b2R.png,1500,0,300,300
11ツリ目２真鍮右白目なし,11b2R.png,1800,0,300,300
11ツリ目２赤右白目なし,11b2R.png,0,300,300,300
11ツリ目２茶右白目なし,11b2R.png,300,300,300,300
11ツリ目２緑右白目なし,11b2R.png,600,300,300,300
11ツリ目２紅右白目なし,11b2R.png,900,300,300,300
11ツリ目２紺右白目なし,11b2R.png,1200,300,300,300
11ツリ目２深緑右白目なし,11b2R.png,1500,300,300,300
11ツリ目２白右白目なし,11b2R.png,1800,300,300,300
11ツリ目２金左白目あり,11b2Lw.png,0,0,300,300
11ツリ目２黒左白目あり,11b2Lw.png,300,0,300,300
11ツリ目２紫左白目あり,11b2Lw.png,600,0,300,300
11ツリ目２青左白目あり,11b2Lw.png,900,0,300,300
11ツリ目２銀左白目あり,11b2Lw.png,1200,0,300,300
11ツリ目２焦茶左白目あり,11b2Lw.png,1500,0,300,300
11ツリ目２真鍮左白目あり,11b2Lw.png,1800,0,300,300
11ツリ目２赤左白目あり,11b2Lw.png,0,300,300,300
11ツリ目２茶左白目あり,11b2Lw.png,300,300,300,300
11ツリ目２緑左白目あり,11b2Lw.png,600,300,300,300
11ツリ目２紅左白目あり,11b2Lw.png,900,300,300,300
11ツリ目２紺左白目あり,11b2Lw.png,1200,300,300,300
11ツリ目２深緑左白目あり,11b2Lw.png,1500,300,300,300
11ツリ目２白左白目あり,11b2Lw.png,1800,300,300,300
11ツリ目２金右白目あり,11b2Rw.png,0,0,300,300
11ツリ目２黒右白目あり,11b2Rw.png,300,0,300,300
11ツリ目２紫右白目あり,11b2Rw.png,600,0,300,300
11ツリ目２青右白目あり,11b2Rw.png,900,0,300,300
11ツリ目２銀右白目あり,11b2Rw.png,1200,0,300,300
11ツリ目２焦茶右白目あり,11b2Rw.png,1500,0,300,300
11ツリ目２真鍮右白目あり,11b2Rw.png,1800,0,300,300
11ツリ目２赤右白目あり,11b2Rw.png,0,300,300,300
11ツリ目２茶右白目あり,11b2Rw.png,300,300,300,300
11ツリ目２緑右白目あり,11b2Rw.png,600,300,300,300
11ツリ目２紅右白目あり,11b2Rw.png,900,300,300,300
11ツリ目２紺右白目あり,11b2Rw.png,1200,300,300,300
11ツリ目２深緑右白目あり,11b2Rw.png,1500,300,300,300
11ツリ目２白右白目あり,11b2Rw.png,1800,300,300,300
11ツリ目２金左黒目あり,11b2Lb.png,0,0,300,300
11ツリ目２黒左黒目あり,11b2Lb.png,300,0,300,300
11ツリ目２紫左黒目あり,11b2Lb.png,600,0,300,300
11ツリ目２青左黒目あり,11b2Lb.png,900,0,300,300
11ツリ目２銀左黒目あり,11b2Lb.png,1200,0,300,300
11ツリ目２焦茶左黒目あり,11b2Lb.png,1500,0,300,300
11ツリ目２真鍮左黒目あり,11b2Lb.png,1800,0,300,300
11ツリ目２赤左黒目あり,11b2Lb.png,0,300,300,300
11ツリ目２茶左黒目あり,11b2Lb.png,300,300,300,300
11ツリ目２緑左黒目あり,11b2Lb.png,600,300,300,300
11ツリ目２紅左黒目あり,11b2Lb.png,900,300,300,300
11ツリ目２紺左黒目あり,11b2Lb.png,1200,300,300,300
11ツリ目２深緑左黒目あり,11b2Lb.png,1500,300,300,300
11ツリ目２白左黒目あり,11b2Lb.png,1800,300,300,300
11ツリ目２金右黒目あり,11b2Rb.png,0,0,300,300
11ツリ目２黒右黒目あり,11b2Rb.png,300,0,300,300
11ツリ目２紫右黒目あり,11b2Rb.png,600,0,300,300
11ツリ目２青右黒目あり,11b2Rb.png,900,0,300,300
11ツリ目２銀右黒目あり,11b2Rb.png,1200,0,300,300
11ツリ目２焦茶右黒目あり,11b2Rb.png,1500,0,300,300
11ツリ目２真鍮右黒目あり,11b2Rb.png,1800,0,300,300
11ツリ目２赤右黒目あり,11b2Rb.png,0,300,300,300
11ツリ目２茶右黒目あり,11b2Rb.png,300,300,300,300
11ツリ目２緑右黒目あり,11b2Rb.png,600,300,300,300
11ツリ目２紅右黒目あり,11b2Rb.png,900,300,300,300
11ツリ目２紺右黒目あり,11b2Rb.png,1200,300,300,300
11ツリ目２深緑右黒目あり,11b2Rb.png,1500,300,300,300
11ツリ目２白右黒目あり,11b2Rb.png,1800,300,300,300


11たれ目金左白目なし,11cL.png,0,0,300,300
11たれ目黒左白目なし,11cL.png,300,0,300,300
11たれ目紫左白目なし,11cL.png,600,0,300,300
11たれ目青左白目なし,11cL.png,900,0,300,300
11たれ目銀左白目なし,11cL.png,1200,0,300,300
11たれ目焦茶左白目なし,11cL.png,1500,0,300,300
11たれ目真鍮左白目なし,11cL.png,1800,0,300,300
11たれ目赤左白目なし,11cL.png,0,300,300,300
11たれ目茶左白目なし,11cL.png,300,300,300,300
11たれ目緑左白目なし,11cL.png,600,300,300,300
11たれ目紅左白目なし,11cL.png,900,300,300,300
11たれ目紺左白目なし,11cL.png,1200,300,300,300
11たれ目深緑左白目なし,11cL.png,1500,300,300,300
11たれ目白左白目なし,11cL.png,1800,300,300,300
11たれ目金右白目なし,11cR.png,0,0,300,300
11たれ目黒右白目なし,11cR.png,300,0,300,300
11たれ目紫右白目なし,11cR.png,600,0,300,300
11たれ目青右白目なし,11cR.png,900,0,300,300
11たれ目銀右白目なし,11cR.png,1200,0,300,300
11たれ目焦茶右白目なし,11cR.png,1500,0,300,300
11たれ目真鍮右白目なし,11cR.png,1800,0,300,300
11たれ目赤右白目なし,11cR.png,0,300,300,300
11たれ目茶右白目なし,11cR.png,300,300,300,300
11たれ目緑右白目なし,11cR.png,600,300,300,300
11たれ目紅右白目なし,11cR.png,900,300,300,300
11たれ目紺右白目なし,11cR.png,1200,300,300,300
11たれ目深緑右白目なし,11cR.png,1500,300,300,300
11たれ目白右白目なし,11cR.png,1800,300,300,300
11たれ目金左白目あり,11cLw.png,0,0,300,300
11たれ目黒左白目あり,11cLw.png,300,0,300,300
11たれ目紫左白目あり,11cLw.png,600,0,300,300
11たれ目青左白目あり,11cLw.png,900,0,300,300
11たれ目銀左白目あり,11cLw.png,1200,0,300,300
11たれ目焦茶左白目あり,11cLw.png,1500,0,300,300
11たれ目真鍮左白目あり,11cLw.png,1800,0,300,300
11たれ目赤左白目あり,11cLw.png,0,300,300,300
11たれ目茶左白目あり,11cLw.png,300,300,300,300
11たれ目緑左白目あり,11cLw.png,600,300,300,300
11たれ目紅左白目あり,11cLw.png,900,300,300,300
11たれ目紺左白目あり,11cLw.png,1200,300,300,300
11たれ目深緑左白目あり,11cLw.png,1500,300,300,300
11たれ目白左白目あり,11cLw.png,1800,300,300,300
11たれ目金右白目あり,11cRw.png,0,0,300,300
11たれ目黒右白目あり,11cRw.png,300,0,300,300
11たれ目紫右白目あり,11cRw.png,600,0,300,300
11たれ目青右白目あり,11cRw.png,900,0,300,300
11たれ目銀右白目あり,11cRw.png,1200,0,300,300
11たれ目焦茶右白目あり,11cRw.png,1500,0,300,300
11たれ目真鍮右白目あり,11cRw.png,1800,0,300,300
11たれ目赤右白目あり,11cRw.png,0,300,300,300
11たれ目茶右白目あり,11cRw.png,300,300,300,300
11たれ目緑右白目あり,11cRw.png,600,300,300,300
11たれ目紅右白目あり,11cRw.png,900,300,300,300
11たれ目紺右白目あり,11cRw.png,1200,300,300,300
11たれ目深緑右白目あり,11cRw.png,1500,300,300,300
11たれ目白右白目あり,11cRw.png,1800,300,300,300
11たれ目金左黒目あり,11cLb.png,0,0,300,300
11たれ目黒左黒目あり,11cLb.png,300,0,300,300
11たれ目紫左黒目あり,11cLb.png,600,0,300,300
11たれ目青左黒目あり,11cLb.png,900,0,300,300
11たれ目銀左黒目あり,11cLb.png,1200,0,300,300
11たれ目焦茶左黒目あり,11cLb.png,1500,0,300,300
11たれ目真鍮左黒目あり,11cLb.png,1800,0,300,300
11たれ目赤左黒目あり,11cLb.png,0,300,300,300
11たれ目茶左黒目あり,11cLb.png,300,300,300,300
11たれ目緑左黒目あり,11cLb.png,600,300,300,300
11たれ目紅左黒目あり,11cLb.png,900,300,300,300
11たれ目紺左黒目あり,11cLb.png,1200,300,300,300
11たれ目深緑左黒目あり,11cLb.png,1500,300,300,300
11たれ目白左黒目あり,11cLb.png,1800,300,300,300
11たれ目金右黒目あり,11cRb.png,0,0,300,300
11たれ目黒右黒目あり,11cRb.png,300,0,300,300
11たれ目紫右黒目あり,11cRb.png,600,0,300,300
11たれ目青右黒目あり,11cRb.png,900,0,300,300
11たれ目銀右黒目あり,11cRb.png,1200,0,300,300
11たれ目焦茶右黒目あり,11cRb.png,1500,0,300,300
11たれ目真鍮右黒目あり,11cRb.png,1800,0,300,300
11たれ目赤右黒目あり,11cRb.png,0,300,300,300
11たれ目茶右黒目あり,11cRb.png,300,300,300,300
11たれ目緑右黒目あり,11cRb.png,600,300,300,300
11たれ目紅右黒目あり,11cRb.png,900,300,300,300
11たれ目紺右黒目あり,11cRb.png,1200,300,300,300
11たれ目深緑右黒目あり,11cRb.png,1500,300,300,300
11たれ目白右黒目あり,11cRb.png,1800,300,300,300

11たれ目２金左白目なし,11c2L.png,0,0,300,300
11たれ目２黒左白目なし,11c2L.png,300,0,300,300
11たれ目２紫左白目なし,11c2L.png,600,0,300,300
11たれ目２青左白目なし,11c2L.png,900,0,300,300
11たれ目２銀左白目なし,11c2L.png,1200,0,300,300
11たれ目２焦茶左白目なし,11c2L.png,1500,0,300,300
11たれ目２真鍮左白目なし,11c2L.png,1800,0,300,300
11たれ目２赤左白目なし,11c2L.png,0,300,300,300
11たれ目２茶左白目なし,11c2L.png,300,300,300,300
11たれ目２緑左白目なし,11c2L.png,600,300,300,300
11たれ目２紅左白目なし,11c2L.png,900,300,300,300
11たれ目２紺左白目なし,11c2L.png,1200,300,300,300
11たれ目２深緑左白目なし,11c2L.png,1500,300,300,300
11たれ目２白左白目なし,11c2L.png,1800,300,300,300
11たれ目２金右白目なし,11c2R.png,0,0,300,300
11たれ目２黒右白目なし,11c2R.png,300,0,300,300
11たれ目２紫右白目なし,11c2R.png,600,0,300,300
11たれ目２青右白目なし,11c2R.png,900,0,300,300
11たれ目２銀右白目なし,11c2R.png,1200,0,300,300
11たれ目２焦茶右白目なし,11c2R.png,1500,0,300,300
11たれ目２真鍮右白目なし,11c2R.png,1800,0,300,300
11たれ目２赤右白目なし,11c2R.png,0,300,300,300
11たれ目２茶右白目なし,11c2R.png,300,300,300,300
11たれ目２緑右白目なし,11c2R.png,600,300,300,300
11たれ目２紅右白目なし,11c2R.png,900,300,300,300
11たれ目２紺右白目なし,11c2R.png,1200,300,300,300
11たれ目２深緑右白目なし,11c2R.png,1500,300,300,300
11たれ目２白右白目なし,11c2R.png,1800,300,300,300
11たれ目２金左白目あり,11c2Lw.png,0,0,300,300
11たれ目２黒左白目あり,11c2Lw.png,300,0,300,300
11たれ目２紫左白目あり,11c2Lw.png,600,0,300,300
11たれ目２青左白目あり,11c2Lw.png,900,0,300,300
11たれ目２銀左白目あり,11c2Lw.png,1200,0,300,300
11たれ目２焦茶左白目あり,11c2Lw.png,1500,0,300,300
11たれ目２真鍮左白目あり,11c2Lw.png,1800,0,300,300
11たれ目２赤左白目あり,11c2Lw.png,0,300,300,300
11たれ目２茶左白目あり,11c2Lw.png,300,300,300,300
11たれ目２緑左白目あり,11c2Lw.png,600,300,300,300
11たれ目２紅左白目あり,11c2Lw.png,900,300,300,300
11たれ目２紺左白目あり,11c2Lw.png,1200,300,300,300
11たれ目２深緑左白目あり,11c2Lw.png,1500,300,300,300
11たれ目２白左白目あり,11c2Lw.png,1800,300,300,300
11たれ目２金右白目あり,11c2Rw.png,0,0,300,300
11たれ目２黒右白目あり,11c2Rw.png,300,0,300,300
11たれ目２紫右白目あり,11c2Rw.png,600,0,300,300
11たれ目２青右白目あり,11c2Rw.png,900,0,300,300
11たれ目２銀右白目あり,11c2Rw.png,1200,0,300,300
11たれ目２焦茶右白目あり,11c2Rw.png,1500,0,300,300
11たれ目２真鍮右白目あり,11c2Rw.png,1800,0,300,300
11たれ目２赤右白目あり,11c2Rw.png,0,300,300,300
11たれ目２茶右白目あり,11c2Rw.png,300,300,300,300
11たれ目２緑右白目あり,11c2Rw.png,600,300,300,300
11たれ目２紅右白目あり,11c2Rw.png,900,300,300,300
11たれ目２紺右白目あり,11c2Rw.png,1200,300,300,300
11たれ目２深緑右白目あり,11c2Rw.png,1500,300,300,300
11たれ目２白右白目あり,11c2Rw.png,1800,300,300,300
11たれ目２金左黒目あり,11c2Lb.png,0,0,300,300
11たれ目２黒左黒目あり,11c2Lb.png,300,0,300,300
11たれ目２紫左黒目あり,11c2Lb.png,600,0,300,300
11たれ目２青左黒目あり,11c2Lb.png,900,0,300,300
11たれ目２銀左黒目あり,11c2Lb.png,1200,0,300,300
11たれ目２焦茶左黒目あり,11c2Lb.png,1500,0,300,300
11たれ目２真鍮左黒目あり,11c2Lb.png,1800,0,300,300
11たれ目２赤左黒目あり,11c2Lb.png,0,300,300,300
11たれ目２茶左黒目あり,11c2Lb.png,300,300,300,300
11たれ目２緑左黒目あり,11c2Lb.png,600,300,300,300
11たれ目２紅左黒目あり,11c2Lb.png,900,300,300,300
11たれ目２紺左黒目あり,11c2Lb.png,1200,300,300,300
11たれ目２深緑左黒目あり,11c2Lb.png,1500,300,300,300
11たれ目２白左黒目あり,11c2Lb.png,1800,300,300,300
11たれ目２金右黒目あり,11c2Rb.png,0,0,300,300
11たれ目２黒右黒目あり,11c2Rb.png,300,0,300,300
11たれ目２紫右黒目あり,11c2Rb.png,600,0,300,300
11たれ目２青右黒目あり,11c2Rb.png,900,0,300,300
11たれ目２銀右黒目あり,11c2Rb.png,1200,0,300,300
11たれ目２焦茶右黒目あり,11c2Rb.png,1500,0,300,300
11たれ目２真鍮右黒目あり,11c2Rb.png,1800,0,300,300
11たれ目２赤右黒目あり,11c2Rb.png,0,300,300,300
11たれ目２茶右黒目あり,11c2Rb.png,300,300,300,300
11たれ目２緑右黒目あり,11c2Rb.png,600,300,300,300
11たれ目２紅右黒目あり,11c2Rb.png,900,300,300,300
11たれ目２紺右黒目あり,11c2Rb.png,1200,300,300,300
11たれ目２深緑右黒目あり,11c2Rb.png,1500,300,300,300
11たれ目２白右黒目あり,11c2Rb.png,1800,300,300,300


11ジト目金左白目なし,11dL.png,0,0,300,300
11ジト目黒左白目なし,11dL.png,300,0,300,300
11ジト目紫左白目なし,11dL.png,600,0,300,300
11ジト目青左白目なし,11dL.png,900,0,300,300
11ジト目銀左白目なし,11dL.png,1200,0,300,300
11ジト目焦茶左白目なし,11dL.png,1500,0,300,300
11ジト目真鍮左白目なし,11dL.png,1800,0,300,300
11ジト目赤左白目なし,11dL.png,0,300,300,300
11ジト目茶左白目なし,11dL.png,300,300,300,300
11ジト目緑左白目なし,11dL.png,600,300,300,300
11ジト目紅左白目なし,11dL.png,900,300,300,300
11ジト目紺左白目なし,11dL.png,1200,300,300,300
11ジト目深緑左白目なし,11dL.png,1500,300,300,300
11ジト目白左白目なし,11dL.png,1800,300,300,300
11ジト目金右白目なし,11dR.png,0,0,300,300
11ジト目黒右白目なし,11dR.png,300,0,300,300
11ジト目紫右白目なし,11dR.png,600,0,300,300
11ジト目青右白目なし,11dR.png,900,0,300,300
11ジト目銀右白目なし,11dR.png,1200,0,300,300
11ジト目焦茶右白目なし,11dR.png,1500,0,300,300
11ジト目真鍮右白目なし,11dR.png,1800,0,300,300
11ジト目赤右白目なし,11dR.png,0,300,300,300
11ジト目茶右白目なし,11dR.png,300,300,300,300
11ジト目緑右白目なし,11dR.png,600,300,300,300
11ジト目紅右白目なし,11dR.png,900,300,300,300
11ジト目紺右白目なし,11dR.png,1200,300,300,300
11ジト目深緑右白目なし,11dR.png,1500,300,300,300
11ジト目白右白目なし,11dR.png,1800,300,300,300
11ジト目金左白目あり,11dLw.png,0,0,300,300
11ジト目黒左白目あり,11dLw.png,300,0,300,300
11ジト目紫左白目あり,11dLw.png,600,0,300,300
11ジト目青左白目あり,11dLw.png,900,0,300,300
11ジト目銀左白目あり,11dLw.png,1200,0,300,300
11ジト目焦茶左白目あり,11dLw.png,1500,0,300,300
11ジト目真鍮左白目あり,11dLw.png,1800,0,300,300
11ジト目赤左白目あり,11dLw.png,0,300,300,300
11ジト目茶左白目あり,11dLw.png,300,300,300,300
11ジト目緑左白目あり,11dLw.png,600,300,300,300
11ジト目紅左白目あり,11dLw.png,900,300,300,300
11ジト目紺左白目あり,11dLw.png,1200,300,300,300
11ジト目深緑左白目あり,11dLw.png,1500,300,300,300
11ジト目白左白目あり,11dLw.png,1800,300,300,300
11ジト目金右白目あり,11dRw.png,0,0,300,300
11ジト目黒右白目あり,11dRw.png,300,0,300,300
11ジト目紫右白目あり,11dRw.png,600,0,300,300
11ジト目青右白目あり,11dRw.png,900,0,300,300
11ジト目銀右白目あり,11dRw.png,1200,0,300,300
11ジト目焦茶右白目あり,11dRw.png,1500,0,300,300
11ジト目真鍮右白目あり,11dRw.png,1800,0,300,300
11ジト目赤右白目あり,11dRw.png,0,300,300,300
11ジト目茶右白目あり,11dRw.png,300,300,300,300
11ジト目緑右白目あり,11dRw.png,600,300,300,300
11ジト目紅右白目あり,11dRw.png,900,300,300,300
11ジト目紺右白目あり,11dRw.png,1200,300,300,300
11ジト目深緑右白目あり,11dRw.png,1500,300,300,300
11ジト目白右白目あり,11dRw.png,1800,300,300,300
11ジト目金左黒目あり,11dLb.png,0,0,300,300
11ジト目黒左黒目あり,11dLb.png,300,0,300,300
11ジト目紫左黒目あり,11dLb.png,600,0,300,300
11ジト目青左黒目あり,11dLb.png,900,0,300,300
11ジト目銀左黒目あり,11dLb.png,1200,0,300,300
11ジト目焦茶左黒目あり,11dLb.png,1500,0,300,300
11ジト目真鍮左黒目あり,11dLb.png,1800,0,300,300
11ジト目赤左黒目あり,11dLb.png,0,300,300,300
11ジト目茶左黒目あり,11dLb.png,300,300,300,300
11ジト目緑左黒目あり,11dLb.png,600,300,300,300
11ジト目紅左黒目あり,11dLb.png,900,300,300,300
11ジト目紺左黒目あり,11dLb.png,1200,300,300,300
11ジト目深緑左黒目あり,11dLb.png,1500,300,300,300
11ジト目白左黒目あり,11dLb.png,1800,300,300,300
11ジト目金右黒目あり,11dRb.png,0,0,300,300
11ジト目黒右黒目あり,11dRb.png,300,0,300,300
11ジト目紫右黒目あり,11dRb.png,600,0,300,300
11ジト目青右黒目あり,11dRb.png,900,0,300,300
11ジト目銀右黒目あり,11dRb.png,1200,0,300,300
11ジト目焦茶右黒目あり,11dRb.png,1500,0,300,300
11ジト目真鍮右黒目あり,11dRb.png,1800,0,300,300
11ジト目赤右黒目あり,11dRb.png,0,300,300,300
11ジト目茶右黒目あり,11dRb.png,300,300,300,300
11ジト目緑右黒目あり,11dRb.png,600,300,300,300
11ジト目紅右黒目あり,11dRb.png,900,300,300,300
11ジト目紺右黒目あり,11dRb.png,1200,300,300,300
11ジト目深緑右黒目あり,11dRb.png,1500,300,300,300
11ジト目白右黒目あり,11dRb.png,1800,300,300,300

11ジト目２金左白目なし,11d2L.png,0,0,300,300
11ジト目２黒左白目なし,11d2L.png,300,0,300,300
11ジト目２紫左白目なし,11d2L.png,600,0,300,300
11ジト目２青左白目なし,11d2L.png,900,0,300,300
11ジト目２銀左白目なし,11d2L.png,1200,0,300,300
11ジト目２焦茶左白目なし,11d2L.png,1500,0,300,300
11ジト目２真鍮左白目なし,11d2L.png,1800,0,300,300
11ジト目２赤左白目なし,11d2L.png,0,300,300,300
11ジト目２茶左白目なし,11d2L.png,300,300,300,300
11ジト目２緑左白目なし,11d2L.png,600,300,300,300
11ジト目２紅左白目なし,11d2L.png,900,300,300,300
11ジト目２紺左白目なし,11d2L.png,1200,300,300,300
11ジト目２深緑左白目なし,11d2L.png,1500,300,300,300
11ジト目２白左白目なし,11d2L.png,1800,300,300,300
11ジト目２金右白目なし,11d2R.png,0,0,300,300
11ジト目２黒右白目なし,11d2R.png,300,0,300,300
11ジト目２紫右白目なし,11d2R.png,600,0,300,300
11ジト目２青右白目なし,11d2R.png,900,0,300,300
11ジト目２銀右白目なし,11d2R.png,1200,0,300,300
11ジト目２焦茶右白目なし,11d2R.png,1500,0,300,300
11ジト目２真鍮右白目なし,11d2R.png,1800,0,300,300
11ジト目２赤右白目なし,11d2R.png,0,300,300,300
11ジト目２茶右白目なし,11d2R.png,300,300,300,300
11ジト目２緑右白目なし,11d2R.png,600,300,300,300
11ジト目２紅右白目なし,11d2R.png,900,300,300,300
11ジト目２紺右白目なし,11d2R.png,1200,300,300,300
11ジト目２深緑右白目なし,11d2R.png,1500,300,300,300
11ジト目２白右白目なし,11d2R.png,1800,300,300,300
11ジト目２金左白目あり,11d2Lw.png,0,0,300,300
11ジト目２黒左白目あり,11d2Lw.png,300,0,300,300
11ジト目２紫左白目あり,11d2Lw.png,600,0,300,300
11ジト目２青左白目あり,11d2Lw.png,900,0,300,300
11ジト目２銀左白目あり,11d2Lw.png,1200,0,300,300
11ジト目２焦茶左白目あり,11d2Lw.png,1500,0,300,300
11ジト目２真鍮左白目あり,11d2Lw.png,1800,0,300,300
11ジト目２赤左白目あり,11d2Lw.png,0,300,300,300
11ジト目２茶左白目あり,11d2Lw.png,300,300,300,300
11ジト目２緑左白目あり,11d2Lw.png,600,300,300,300
11ジト目２紅左白目あり,11d2Lw.png,900,300,300,300
11ジト目２紺左白目あり,11d2Lw.png,1200,300,300,300
11ジト目２深緑左白目あり,11d2Lw.png,1500,300,300,300
11ジト目２白左白目あり,11d2Lw.png,1800,300,300,300
11ジト目２金右白目あり,11d2Rw.png,0,0,300,300
11ジト目２黒右白目あり,11d2Rw.png,300,0,300,300
11ジト目２紫右白目あり,11d2Rw.png,600,0,300,300
11ジト目２青右白目あり,11d2Rw.png,900,0,300,300
11ジト目２銀右白目あり,11d2Rw.png,1200,0,300,300
11ジト目２焦茶右白目あり,11d2Rw.png,1500,0,300,300
11ジト目２真鍮右白目あり,11d2Rw.png,1800,0,300,300
11ジト目２赤右白目あり,11d2Rw.png,0,300,300,300
11ジト目２茶右白目あり,11d2Rw.png,300,300,300,300
11ジト目２緑右白目あり,11d2Rw.png,600,300,300,300
11ジト目２紅右白目あり,11d2Rw.png,900,300,300,300
11ジト目２紺右白目あり,11d2Rw.png,1200,300,300,300
11ジト目２深緑右白目あり,11d2Rw.png,1500,300,300,300
11ジト目２白右白目あり,11d2Rw.png,1800,300,300,300
11ジト目２金左黒目あり,11d2Lb.png,0,0,300,300
11ジト目２黒左黒目あり,11d2Lb.png,300,0,300,300
11ジト目２紫左黒目あり,11d2Lb.png,600,0,300,300
11ジト目２青左黒目あり,11d2Lb.png,900,0,300,300
11ジト目２銀左黒目あり,11d2Lb.png,1200,0,300,300
11ジト目２焦茶左黒目あり,11d2Lb.png,1500,0,300,300
11ジト目２真鍮左黒目あり,11d2Lb.png,1800,0,300,300
11ジト目２赤左黒目あり,11d2Lb.png,0,300,300,300
11ジト目２茶左黒目あり,11d2Lb.png,300,300,300,300
11ジト目２緑左黒目あり,11d2Lb.png,600,300,300,300
11ジト目２紅左黒目あり,11d2Lb.png,900,300,300,300
11ジト目２紺左黒目あり,11d2Lb.png,1200,300,300,300
11ジト目２深緑左黒目あり,11d2Lb.png,1500,300,300,300
11ジト目２白左黒目あり,11d2Lb.png,1800,300,300,300
11ジト目２金右黒目あり,11d2Rb.png,0,0,300,300
11ジト目２黒右黒目あり,11d2Rb.png,300,0,300,300
11ジト目２紫右黒目あり,11d2Rb.png,600,0,300,300
11ジト目２青右黒目あり,11d2Rb.png,900,0,300,300
11ジト目２銀右黒目あり,11d2Rb.png,1200,0,300,300
11ジト目２焦茶右黒目あり,11d2Rb.png,1500,0,300,300
11ジト目２真鍮右黒目あり,11d2Rb.png,1800,0,300,300
11ジト目２赤右黒目あり,11d2Rb.png,0,300,300,300
11ジト目２茶右黒目あり,11d2Rb.png,300,300,300,300
11ジト目２緑右黒目あり,11d2Rb.png,600,300,300,300
11ジト目２紅右黒目あり,11d2Rb.png,900,300,300,300
11ジト目２紺右黒目あり,11d2Rb.png,1200,300,300,300
11ジト目２深緑右黒目あり,11d2Rb.png,1500,300,300,300
11ジト目２白右黒目あり,11d2Rb.png,1800,300,300,300

11ジト三白眼金左白目なし,11hL.png,0,0,300,300
11ジト三白眼黒左白目なし,11hL.png,300,0,300,300
11ジト三白眼紫左白目なし,11hL.png,600,0,300,300
11ジト三白眼青左白目なし,11hL.png,900,0,300,300
11ジト三白眼銀左白目なし,11hL.png,1200,0,300,300
11ジト三白眼焦茶左白目なし,11hL.png,1500,0,300,300
11ジト三白眼真鍮左白目なし,11hL.png,1800,0,300,300
11ジト三白眼赤左白目なし,11hL.png,0,300,300,300
11ジト三白眼茶左白目なし,11hL.png,300,300,300,300
11ジト三白眼緑左白目なし,11hL.png,600,300,300,300
11ジト三白眼紅左白目なし,11hL.png,900,300,300,300
11ジト三白眼紺左白目なし,11hL.png,1200,300,300,300
11ジト三白眼深緑左白目なし,11hL.png,1500,300,300,300
11ジト三白眼白左白目なし,11hL.png,1800,300,300,300
11ジト三白眼金右白目なし,11hR.png,0,0,300,300
11ジト三白眼黒右白目なし,11hR.png,300,0,300,300
11ジト三白眼紫右白目なし,11hR.png,600,0,300,300
11ジト三白眼青右白目なし,11hR.png,900,0,300,300
11ジト三白眼銀右白目なし,11hR.png,1200,0,300,300
11ジト三白眼焦茶右白目なし,11hR.png,1500,0,300,300
11ジト三白眼真鍮右白目なし,11hR.png,1800,0,300,300
11ジト三白眼赤右白目なし,11hR.png,0,300,300,300
11ジト三白眼茶右白目なし,11hR.png,300,300,300,300
11ジト三白眼緑右白目なし,11hR.png,600,300,300,300
11ジト三白眼紅右白目なし,11hR.png,900,300,300,300
11ジト三白眼紺右白目なし,11hR.png,1200,300,300,300
11ジト三白眼深緑右白目なし,11hR.png,1500,300,300,300
11ジト三白眼白右白目なし,11hR.png,1800,300,300,300
11ジト三白眼金左白目あり,11hLw.png,0,0,300,300
11ジト三白眼黒左白目あり,11hLw.png,300,0,300,300
11ジト三白眼紫左白目あり,11hLw.png,600,0,300,300
11ジト三白眼青左白目あり,11hLw.png,900,0,300,300
11ジト三白眼銀左白目あり,11hLw.png,1200,0,300,300
11ジト三白眼焦茶左白目あり,11hLw.png,1500,0,300,300
11ジト三白眼真鍮左白目あり,11hLw.png,1800,0,300,300
11ジト三白眼赤左白目あり,11hLw.png,0,300,300,300
11ジト三白眼茶左白目あり,11hLw.png,300,300,300,300
11ジト三白眼緑左白目あり,11hLw.png,600,300,300,300
11ジト三白眼紅左白目あり,11hLw.png,900,300,300,300
11ジト三白眼紺左白目あり,11hLw.png,1200,300,300,300
11ジト三白眼深緑左白目あり,11hLw.png,1500,300,300,300
11ジト三白眼白左白目あり,11hLw.png,1800,300,300,300
11ジト三白眼金右白目あり,11hRw.png,0,0,300,300
11ジト三白眼黒右白目あり,11hRw.png,300,0,300,300
11ジト三白眼紫右白目あり,11hRw.png,600,0,300,300
11ジト三白眼青右白目あり,11hRw.png,900,0,300,300
11ジト三白眼銀右白目あり,11hRw.png,1200,0,300,300
11ジト三白眼焦茶右白目あり,11hRw.png,1500,0,300,300
11ジト三白眼真鍮右白目あり,11hRw.png,1800,0,300,300
11ジト三白眼赤右白目あり,11hRw.png,0,300,300,300
11ジト三白眼茶右白目あり,11hRw.png,300,300,300,300
11ジト三白眼緑右白目あり,11hRw.png,600,300,300,300
11ジト三白眼紅右白目あり,11hRw.png,900,300,300,300
11ジト三白眼紺右白目あり,11hRw.png,1200,300,300,300
11ジト三白眼深緑右白目あり,11hRw.png,1500,300,300,300
11ジト三白眼白右白目あり,11hRw.png,1800,300,300,300
11ジト三白眼金左黒目あり,11hLb.png,0,0,300,300
11ジト三白眼黒左黒目あり,11hLb.png,300,0,300,300
11ジト三白眼紫左黒目あり,11hLb.png,600,0,300,300
11ジト三白眼青左黒目あり,11hLb.png,900,0,300,300
11ジト三白眼銀左黒目あり,11hLb.png,1200,0,300,300
11ジト三白眼焦茶左黒目あり,11hLb.png,1500,0,300,300
11ジト三白眼真鍮左黒目あり,11hLb.png,1800,0,300,300
11ジト三白眼赤左黒目あり,11hLb.png,0,300,300,300
11ジト三白眼茶左黒目あり,11hLb.png,300,300,300,300
11ジト三白眼緑左黒目あり,11hLb.png,600,300,300,300
11ジト三白眼紅左黒目あり,11hLb.png,900,300,300,300
11ジト三白眼紺左黒目あり,11hLb.png,1200,300,300,300
11ジト三白眼深緑左黒目あり,11hLb.png,1500,300,300,300
11ジト三白眼白左黒目あり,11hLb.png,1800,300,300,300
11ジト三白眼金右黒目あり,11hRb.png,0,0,300,300
11ジト三白眼黒右黒目あり,11hRb.png,300,0,300,300
11ジト三白眼紫右黒目あり,11hRb.png,600,0,300,300
11ジト三白眼青右黒目あり,11hRb.png,900,0,300,300
11ジト三白眼銀右黒目あり,11hRb.png,1200,0,300,300
11ジト三白眼焦茶右黒目あり,11hRb.png,1500,0,300,300
11ジト三白眼真鍮右黒目あり,11hRb.png,1800,0,300,300
11ジト三白眼赤右黒目あり,11hRb.png,0,300,300,300
11ジト三白眼茶右黒目あり,11hRb.png,300,300,300,300
11ジト三白眼緑右黒目あり,11hRb.png,600,300,300,300
11ジト三白眼紅右黒目あり,11hRb.png,900,300,300,300
11ジト三白眼紺右黒目あり,11hRb.png,1200,300,300,300
11ジト三白眼深緑右黒目あり,11hRb.png,1500,300,300,300
11ジト三白眼白右黒目あり,11hRb.png,1800,300,300,300


11ぱっちり金左白目なし,11eL.png,0,0,300,300
11ぱっちり黒左白目なし,11eL.png,300,0,300,300
11ぱっちり紫左白目なし,11eL.png,600,0,300,300
11ぱっちり青左白目なし,11eL.png,900,0,300,300
11ぱっちり銀左白目なし,11eL.png,1200,0,300,300
11ぱっちり焦茶左白目なし,11eL.png,1500,0,300,300
11ぱっちり真鍮左白目なし,11eL.png,1800,0,300,300
11ぱっちり赤左白目なし,11eL.png,0,300,300,300
11ぱっちり茶左白目なし,11eL.png,300,300,300,300
11ぱっちり緑左白目なし,11eL.png,600,300,300,300
11ぱっちり紅左白目なし,11eL.png,900,300,300,300
11ぱっちり紺左白目なし,11eL.png,1200,300,300,300
11ぱっちり深緑左白目なし,11eL.png,1500,300,300,300
11ぱっちり白左白目なし,11eL.png,1800,300,300,300
11ぱっちり金右白目なし,11eR.png,0,0,300,300
11ぱっちり黒右白目なし,11eR.png,300,0,300,300
11ぱっちり紫右白目なし,11eR.png,600,0,300,300
11ぱっちり青右白目なし,11eR.png,900,0,300,300
11ぱっちり銀右白目なし,11eR.png,1200,0,300,300
11ぱっちり焦茶右白目なし,11eR.png,1500,0,300,300
11ぱっちり真鍮右白目なし,11eR.png,1800,0,300,300
11ぱっちり赤右白目なし,11eR.png,0,300,300,300
11ぱっちり茶右白目なし,11eR.png,300,300,300,300
11ぱっちり緑右白目なし,11eR.png,600,300,300,300
11ぱっちり紅右白目なし,11eR.png,900,300,300,300
11ぱっちり紺右白目なし,11eR.png,1200,300,300,300
11ぱっちり深緑右白目なし,11eR.png,1500,300,300,300
11ぱっちり白右白目なし,11eR.png,1800,300,300,300
11ぱっちり金左白目あり,11eLw.png,0,0,300,300
11ぱっちり黒左白目あり,11eLw.png,300,0,300,300
11ぱっちり紫左白目あり,11eLw.png,600,0,300,300
11ぱっちり青左白目あり,11eLw.png,900,0,300,300
11ぱっちり銀左白目あり,11eLw.png,1200,0,300,300
11ぱっちり焦茶左白目あり,11eLw.png,1500,0,300,300
11ぱっちり真鍮左白目あり,11eLw.png,1800,0,300,300
11ぱっちり赤左白目あり,11eLw.png,0,300,300,300
11ぱっちり茶左白目あり,11eLw.png,300,300,300,300
11ぱっちり緑左白目あり,11eLw.png,600,300,300,300
11ぱっちり紅左白目あり,11eLw.png,900,300,300,300
11ぱっちり紺左白目あり,11eLw.png,1200,300,300,300
11ぱっちり深緑左白目あり,11eLw.png,1500,300,300,300
11ぱっちり白左白目あり,11eLw.png,1800,300,300,300
11ぱっちり金右白目あり,11eRw.png,0,0,300,300
11ぱっちり黒右白目あり,11eRw.png,300,0,300,300
11ぱっちり紫右白目あり,11eRw.png,600,0,300,300
11ぱっちり青右白目あり,11eRw.png,900,0,300,300
11ぱっちり銀右白目あり,11eRw.png,1200,0,300,300
11ぱっちり焦茶右白目あり,11eRw.png,1500,0,300,300
11ぱっちり真鍮右白目あり,11eRw.png,1800,0,300,300
11ぱっちり赤右白目あり,11eRw.png,0,300,300,300
11ぱっちり茶右白目あり,11eRw.png,300,300,300,300
11ぱっちり緑右白目あり,11eRw.png,600,300,300,300
11ぱっちり紅右白目あり,11eRw.png,900,300,300,300
11ぱっちり紺右白目あり,11eRw.png,1200,300,300,300
11ぱっちり深緑右白目あり,11eRw.png,1500,300,300,300
11ぱっちり白右白目あり,11eRw.png,1800,300,300,300
11ぱっちり金左黒目あり,11eLb.png,0,0,300,300
11ぱっちり黒左黒目あり,11eLb.png,300,0,300,300
11ぱっちり紫左黒目あり,11eLb.png,600,0,300,300
11ぱっちり青左黒目あり,11eLb.png,900,0,300,300
11ぱっちり銀左黒目あり,11eLb.png,1200,0,300,300
11ぱっちり焦茶左黒目あり,11eLb.png,1500,0,300,300
11ぱっちり真鍮左黒目あり,11eLb.png,1800,0,300,300
11ぱっちり赤左黒目あり,11eLb.png,0,300,300,300
11ぱっちり茶左黒目あり,11eLb.png,300,300,300,300
11ぱっちり緑左黒目あり,11eLb.png,600,300,300,300
11ぱっちり紅左黒目あり,11eLb.png,900,300,300,300
11ぱっちり紺左黒目あり,11eLb.png,1200,300,300,300
11ぱっちり深緑左黒目あり,11eLb.png,1500,300,300,300
11ぱっちり白左黒目あり,11eLb.png,1800,300,300,300
11ぱっちり金右黒目あり,11eRb.png,0,0,300,300
11ぱっちり黒右黒目あり,11eRb.png,300,0,300,300
11ぱっちり紫右黒目あり,11eRb.png,600,0,300,300
11ぱっちり青右黒目あり,11eRb.png,900,0,300,300
11ぱっちり銀右黒目あり,11eRb.png,1200,0,300,300
11ぱっちり焦茶右黒目あり,11eRb.png,1500,0,300,300
11ぱっちり真鍮右黒目あり,11eRb.png,1800,0,300,300
11ぱっちり赤右黒目あり,11eRb.png,0,300,300,300
11ぱっちり茶右黒目あり,11eRb.png,300,300,300,300
11ぱっちり緑右黒目あり,11eRb.png,600,300,300,300
11ぱっちり紅右黒目あり,11eRb.png,900,300,300,300
11ぱっちり紺右黒目あり,11eRb.png,1200,300,300,300
11ぱっちり深緑右黒目あり,11eRb.png,1500,300,300,300
11ぱっちり白右黒目あり,11eRb.png,1800,300,300,300


11縦長目金左白目なし,11fL.png,0,0,300,300
11縦長目黒左白目なし,11fL.png,300,0,300,300
11縦長目紫左白目なし,11fL.png,600,0,300,300
11縦長目青左白目なし,11fL.png,900,0,300,300
11縦長目銀左白目なし,11fL.png,1200,0,300,300
11縦長目焦茶左白目なし,11fL.png,1500,0,300,300
11縦長目真鍮左白目なし,11fL.png,1800,0,300,300
11縦長目赤左白目なし,11fL.png,0,300,300,300
11縦長目茶左白目なし,11fL.png,300,300,300,300
11縦長目緑左白目なし,11fL.png,600,300,300,300
11縦長目紅左白目なし,11fL.png,900,300,300,300
11縦長目紺左白目なし,11fL.png,1200,300,300,300
11縦長目深緑左白目なし,11fL.png,1500,300,300,300
11縦長目白左白目なし,11fL.png,1800,300,300,300
11縦長目金右白目なし,11fR.png,0,0,300,300
11縦長目黒右白目なし,11fR.png,300,0,300,300
11縦長目紫右白目なし,11fR.png,600,0,300,300
11縦長目青右白目なし,11fR.png,900,0,300,300
11縦長目銀右白目なし,11fR.png,1200,0,300,300
11縦長目焦茶右白目なし,11fR.png,1500,0,300,300
11縦長目真鍮右白目なし,11fR.png,1800,0,300,300
11縦長目赤右白目なし,11fR.png,0,300,300,300
11縦長目茶右白目なし,11fR.png,300,300,300,300
11縦長目緑右白目なし,11fR.png,600,300,300,300
11縦長目紅右白目なし,11fR.png,900,300,300,300
11縦長目紺右白目なし,11fR.png,1200,300,300,300
11縦長目深緑右白目なし,11fR.png,1500,300,300,300
11縦長目白右白目なし,11fR.png,1800,300,300,300
11縦長目金左白目あり,11fLw.png,0,0,300,300
11縦長目黒左白目あり,11fLw.png,300,0,300,300
11縦長目紫左白目あり,11fLw.png,600,0,300,300
11縦長目青左白目あり,11fLw.png,900,0,300,300
11縦長目銀左白目あり,11fLw.png,1200,0,300,300
11縦長目焦茶左白目あり,11fLw.png,1500,0,300,300
11縦長目真鍮左白目あり,11fLw.png,1800,0,300,300
11縦長目赤左白目あり,11fLw.png,0,300,300,300
11縦長目茶左白目あり,11fLw.png,300,300,300,300
11縦長目緑左白目あり,11fLw.png,600,300,300,300
11縦長目紅左白目あり,11fLw.png,900,300,300,300
11縦長目紺左白目あり,11fLw.png,1200,300,300,300
11縦長目深緑左白目あり,11fLw.png,1500,300,300,300
11縦長目白左白目あり,11fLw.png,1800,300,300,300
11縦長目金右白目あり,11fRw.png,0,0,300,300
11縦長目黒右白目あり,11fRw.png,300,0,300,300
11縦長目紫右白目あり,11fRw.png,600,0,300,300
11縦長目青右白目あり,11fRw.png,900,0,300,300
11縦長目銀右白目あり,11fRw.png,1200,0,300,300
11縦長目焦茶右白目あり,11fRw.png,1500,0,300,300
11縦長目真鍮右白目あり,11fRw.png,1800,0,300,300
11縦長目赤右白目あり,11fRw.png,0,300,300,300
11縦長目茶右白目あり,11fRw.png,300,300,300,300
11縦長目緑右白目あり,11fRw.png,600,300,300,300
11縦長目紅右白目あり,11fRw.png,900,300,300,300
11縦長目紺右白目あり,11fRw.png,1200,300,300,300
11縦長目深緑右白目あり,11fRw.png,1500,300,300,300
11縦長目白右白目あり,11fRw.png,1800,300,300,300
11縦長目金左黒目あり,11fLb.png,0,0,300,300
11縦長目黒左黒目あり,11fLb.png,300,0,300,300
11縦長目紫左黒目あり,11fLb.png,600,0,300,300
11縦長目青左黒目あり,11fLb.png,900,0,300,300
11縦長目銀左黒目あり,11fLb.png,1200,0,300,300
11縦長目焦茶左黒目あり,11fLb.png,1500,0,300,300
11縦長目真鍮左黒目あり,11fLb.png,1800,0,300,300
11縦長目赤左黒目あり,11fLb.png,0,300,300,300
11縦長目茶左黒目あり,11fLb.png,300,300,300,300
11縦長目緑左黒目あり,11fLb.png,600,300,300,300
11縦長目紅左黒目あり,11fLb.png,900,300,300,300
11縦長目紺左黒目あり,11fLb.png,1200,300,300,300
11縦長目深緑左黒目あり,11fLb.png,1500,300,300,300
11縦長目白左黒目あり,11fLb.png,1800,300,300,300
11縦長目金右黒目あり,11fRb.png,0,0,300,300
11縦長目黒右黒目あり,11fRb.png,300,0,300,300
11縦長目紫右黒目あり,11fRb.png,600,0,300,300
11縦長目青右黒目あり,11fRb.png,900,0,300,300
11縦長目銀右黒目あり,11fRb.png,1200,0,300,300
11縦長目焦茶右黒目あり,11fRb.png,1500,0,300,300
11縦長目真鍮右黒目あり,11fRb.png,1800,0,300,300
11縦長目赤右黒目あり,11fRb.png,0,300,300,300
11縦長目茶右黒目あり,11fRb.png,300,300,300,300
11縦長目緑右黒目あり,11fRb.png,600,300,300,300
11縦長目紅右黒目あり,11fRb.png,900,300,300,300
11縦長目紺右黒目あり,11fRb.png,1200,300,300,300
11縦長目深緑右黒目あり,11fRb.png,1500,300,300,300
11縦長目白右黒目あり,11fRb.png,1800,300,300,300


11三白眼金左白目なし,11gL.png,0,0,300,300
11三白眼黒左白目なし,11gL.png,300,0,300,300
11三白眼紫左白目なし,11gL.png,600,0,300,300
11三白眼青左白目なし,11gL.png,900,0,300,300
11三白眼銀左白目なし,11gL.png,1200,0,300,300
11三白眼焦茶左白目なし,11gL.png,1500,0,300,300
11三白眼真鍮左白目なし,11gL.png,1800,0,300,300
11三白眼赤左白目なし,11gL.png,0,300,300,300
11三白眼茶左白目なし,11gL.png,300,300,300,300
11三白眼緑左白目なし,11gL.png,600,300,300,300
11三白眼紅左白目なし,11gL.png,900,300,300,300
11三白眼紺左白目なし,11gL.png,1200,300,300,300
11三白眼深緑左白目なし,11gL.png,1500,300,300,300
11三白眼白左白目なし,11gL.png,1800,300,300,300
11三白眼金右白目なし,11gR.png,0,0,300,300
11三白眼黒右白目なし,11gR.png,300,0,300,300
11三白眼紫右白目なし,11gR.png,600,0,300,300
11三白眼青右白目なし,11gR.png,900,0,300,300
11三白眼銀右白目なし,11gR.png,1200,0,300,300
11三白眼焦茶右白目なし,11gR.png,1500,0,300,300
11三白眼真鍮右白目なし,11gR.png,1800,0,300,300
11三白眼赤右白目なし,11gR.png,0,300,300,300
11三白眼茶右白目なし,11gR.png,300,300,300,300
11三白眼緑右白目なし,11gR.png,600,300,300,300
11三白眼紅右白目なし,11gR.png,900,300,300,300
11三白眼紺右白目なし,11gR.png,1200,300,300,300
11三白眼深緑右白目なし,11gR.png,1500,300,300,300
11三白眼白右白目なし,11gR.png,1800,300,300,300
11三白眼金左白目あり,11gLw.png,0,0,300,300
11三白眼黒左白目あり,11gLw.png,300,0,300,300
11三白眼紫左白目あり,11gLw.png,600,0,300,300
11三白眼青左白目あり,11gLw.png,900,0,300,300
11三白眼銀左白目あり,11gLw.png,1200,0,300,300
11三白眼焦茶左白目あり,11gLw.png,1500,0,300,300
11三白眼真鍮左白目あり,11gLw.png,1800,0,300,300
11三白眼赤左白目あり,11gLw.png,0,300,300,300
11三白眼茶左白目あり,11gLw.png,300,300,300,300
11三白眼緑左白目あり,11gLw.png,600,300,300,300
11三白眼紅左白目あり,11gLw.png,900,300,300,300
11三白眼紺左白目あり,11gLw.png,1200,300,300,300
11三白眼深緑左白目あり,11gLw.png,1500,300,300,300
11三白眼白左白目あり,11gLw.png,1800,300,300,300
11三白眼金右白目あり,11gRw.png,0,0,300,300
11三白眼黒右白目あり,11gRw.png,300,0,300,300
11三白眼紫右白目あり,11gRw.png,600,0,300,300
11三白眼青右白目あり,11gRw.png,900,0,300,300
11三白眼銀右白目あり,11gRw.png,1200,0,300,300
11三白眼焦茶右白目あり,11gRw.png,1500,0,300,300
11三白眼真鍮右白目あり,11gRw.png,1800,0,300,300
11三白眼赤右白目あり,11gRw.png,0,300,300,300
11三白眼茶右白目あり,11gRw.png,300,300,300,300
11三白眼緑右白目あり,11gRw.png,600,300,300,300
11三白眼紅右白目あり,11gRw.png,900,300,300,300
11三白眼紺右白目あり,11gRw.png,1200,300,300,300
11三白眼深緑右白目あり,11gRw.png,1500,300,300,300
11三白眼白右白目あり,11gRw.png,1800,300,300,300
11三白眼金左黒目あり,11gLb.png,0,0,300,300
11三白眼黒左黒目あり,11gLb.png,300,0,300,300
11三白眼紫左黒目あり,11gLb.png,600,0,300,300
11三白眼青左黒目あり,11gLb.png,900,0,300,300
11三白眼銀左黒目あり,11gLb.png,1200,0,300,300
11三白眼焦茶左黒目あり,11gLb.png,1500,0,300,300
11三白眼真鍮左黒目あり,11gLb.png,1800,0,300,300
11三白眼赤左黒目あり,11gLb.png,0,300,300,300
11三白眼茶左黒目あり,11gLb.png,300,300,300,300
11三白眼緑左黒目あり,11gLb.png,600,300,300,300
11三白眼紅左黒目あり,11gLb.png,900,300,300,300
11三白眼紺左黒目あり,11gLb.png,1200,300,300,300
11三白眼深緑左黒目あり,11gLb.png,1500,300,300,300
11三白眼白左黒目あり,11gLb.png,1800,300,300,300
11三白眼金右黒目あり,11gRb.png,0,0,300,300
11三白眼黒右黒目あり,11gRb.png,300,0,300,300
11三白眼紫右黒目あり,11gRb.png,600,0,300,300
11三白眼青右黒目あり,11gRb.png,900,0,300,300
11三白眼銀右黒目あり,11gRb.png,1200,0,300,300
11三白眼焦茶右黒目あり,11gRb.png,1500,0,300,300
11三白眼真鍮右黒目あり,11gRb.png,1800,0,300,300
11三白眼赤右黒目あり,11gRb.png,0,300,300,300
11三白眼茶右黒目あり,11gRb.png,300,300,300,300
11三白眼緑右黒目あり,11gRb.png,600,300,300,300
11三白眼紅右黒目あり,11gRb.png,900,300,300,300
11三白眼紺右黒目あり,11gRb.png,1200,300,300,300
11三白眼深緑右黒目あり,11gRb.png,1500,300,300,300
11三白眼白右黒目あり,11gRb.png,1800,300,300,300


11糸目左,11zL.png,0,0,300,300
11にっこり左,11zL.png,300,0,300,300
11瞑り左,11zL.png,600,0,300,300
11〇〇左,11zL.png,900,0,300,300
11＞＜左,11zL.png,1200,0,300,300
11瞑り三白眼左,11zL.png,600,300,300,300

11糸目右,11zR.png,0,0,300,300
11にっこり右,11zR.png,300,0,300,300
11瞑り右,11zR.png,600,0,300,300
11〇〇右,11zR.png,900,0,300,300
11＞＜右,11zR.png,1200,0,300,300
11瞑り三白眼右,11zR.png,600,0,300,300


ハート通常目左,heartL.png,0,0,300,300
ハートツリ目左,heartL.png,300,0,300,300
ハートたれ目左,heartL.png,600,0,300,300
ハートジト目左,heartL.png,900,0,300,300
ハートぱっちり左,heartL.png,1200,0,300,300
ハート縦長目左,heartL.png,1500,0,300,300
ハート三白眼左,heartL.png,1800,0,300,300

ハート通常目右,heartR.png,0,0,300,300
ハートツリ目右,heartR.png,300,0,300,300
ハートたれ目右,heartR.png,600,0,300,300
ハートジト目右,heartR.png,900,0,300,300
ハートぱっちり右,heartR.png,1200,0,300,300
ハート縦長目右,heartR.png,1500,0,300,300
ハート三白眼右,heartR.png,1800,0,300,300

白ハート通常目左,heartLw.png,0,0,300,300
白ハートツリ目左,heartLw.png,300,0,300,300
白ハートたれ目左,heartLw.png,600,0,300,300
白ハートジト目左,heartLw.png,900,0,300,300
白ハートぱっちり左,heartLw.png,1200,0,300,300
白ハート縦長目左,heartLw.png,1500,0,300,300
白ハート三白眼左,heartLw.png,1800,0,300,300

白ハート通常目右,heartRw.png,0,0,300,300
白ハートツリ目右,heartRw.png,300,0,300,300
白ハートたれ目右,heartRw.png,600,0,300,300
白ハートジト目右,heartRw.png,900,0,300,300
白ハートぱっちり右,heartRw.png,1200,0,300,300
白ハート縦長目右,heartRw.png,1500,0,300,300
白ハート三白眼右,heartRw.png,1800,0,300,300
