﻿;15頭装飾
15a黒,15a.png,0,0,300,300
15a白,15a.png,300,0,300,300

15b赤,15b.png,0,0,300,300

15頭上リボン黄,15c.png,0,0,300,300
15頭上リボン黒,15c.png,300,0,300,300
15頭上リボン青,15c.png,600,0,300,300
15頭上リボン赤,15c.png,900,0,300,300
15頭上リボン白,15c.png,1200,0,300,300

15d黒,15d.png,0,0,300,300
15d紫,15d.png,300,0,300,300
15d青,15d.png,600,0,300,300
15d赤,15d.png,900,0,300,300
15d白,15d.png,1200,0,300,300

15頭上サングラス,15sunglasses.png,0,0,300,300

15メイドキャップ,15maid.png,0,0,300,300
15ティアラ,15tiara.png,0,0,300,300
15ウェディングベール,15wedding_veil.png,0,0,300,300
15ナースキャップ,15nurse_uniform.png,0,0,300,300
15シスターベール,15sister_veil.png,0,0,300,300

