﻿;16前髪
16ナチュラルバング金,16a.png,0,0,300,300
16ナチュラルバング銀,16a.png,300,0,300,300
16ナチュラルバング黒,16a.png,600,0,300,300
16ナチュラルバング紫,16a.png,900,0,300,300
16ナチュラルバング青,16a.png,1200,0,300,300
16ナチュラルバング白,16a.png,1500,0,300,300
16ナチュラルバング焦茶,16a.png,1800,0,300,300
16ナチュラルバング真鍮,16a.png,2100,0,300,300
16ナチュラルバング赤,16a.png,0,300,300,300
16ナチュラルバング茶,16a.png,300,300,300,300
16ナチュラルバング桃,16a.png,600,300,300,300
16ナチュラルバング緑,16a.png,900,300,300,300
16ナチュラルバング紅,16a.png,1200,300,300,300
16ナチュラルバング紺,16a.png,1500,300,300,300
16ナチュラルバング深緑,16a.png,1800,300,300,300
16ナチュラルバング２金,16a1.png,0,0,300,300
16ナチュラルバング２銀,16a1.png,300,0,300,300
16ナチュラルバング２黒,16a1.png,600,0,300,300
16ナチュラルバング２紫,16a1.png,900,0,300,300
16ナチュラルバング２青,16a1.png,1200,0,300,300
16ナチュラルバング２白,16a1.png,1500,0,300,300
16ナチュラルバング２焦茶,16a1.png,1800,0,300,300
16ナチュラルバング２真鍮,16a1.png,2100,0,300,300
16ナチュラルバング２赤,16a1.png,0,300,300,300
16ナチュラルバング２茶,16a1.png,300,300,300,300
16ナチュラルバング２桃,16a1.png,600,300,300,300
16ナチュラルバング２緑,16a1.png,900,300,300,300
16ナチュラルバング２紅,16a1.png,1200,300,300,300
16ナチュラルバング２紺,16a1.png,1500,300,300,300
16ナチュラルバング２深緑,16a1.png,1800,300,300,300

16ショートバング金,16b.png,0,0,300,300
16ショートバング銀,16b.png,300,0,300,300
16ショートバング黒,16b.png,600,0,300,300
16ショートバング紫,16b.png,900,0,300,300
16ショートバング青,16b.png,1200,0,300,300
16ショートバング白,16b.png,1500,0,300,300
16ショートバング焦茶,16b.png,1800,0,300,300
16ショートバング真鍮,16b.png,2100,0,300,300
16ショートバング赤,16b.png,0,300,300,300
16ショートバング茶,16b.png,300,300,300,300
16ショートバング桃,16b.png,600,300,300,300
16ショートバング緑,16b.png,900,300,300,300
16ショートバング紅,16b.png,1200,300,300,300
16ショートバング紺,16b.png,1500,300,300,300
16ショートバング深緑,16b.png,1800,300,300,300

16ベリーショート金,16b2.png,0,0,300,300
16ベリーショート銀,16b2.png,300,0,300,300
16ベリーショート黒,16b2.png,600,0,300,300
16ベリーショート紫,16b2.png,900,0,300,300
16ベリーショート青,16b2.png,1200,0,300,300
16ベリーショート白,16b2.png,1500,0,300,300
16ベリーショート焦茶,16b2.png,1800,0,300,300
16ベリーショート真鍮,16b2.png,2100,0,300,300
16ベリーショート赤,16b2.png,0,300,300,300
16ベリーショート茶,16b2.png,300,300,300,300
16ベリーショート桃,16b2.png,600,300,300,300
16ベリーショート緑,16b2.png,900,300,300,300
16ベリーショート紅,16b2.png,1200,300,300,300
16ベリーショート紺,16b2.png,1500,300,300,300
16ベリーショート深緑,16b2.png,1800,300,300,300

16斜めバング金,16c.png,0,0,300,300
16斜めバング銀,16c.png,300,0,300,300
16斜めバング黒,16c.png,600,0,300,300
16斜めバング紫,16c.png,900,0,300,300
16斜めバング青,16c.png,1200,0,300,300
16斜めバング白,16c.png,1500,0,300,300
16斜めバング焦茶,16c.png,1800,0,300,300
16斜めバング真鍮,16c.png,2100,0,300,300
16斜めバング赤,16c.png,0,300,300,300
16斜めバング茶,16c.png,300,300,300,300
16斜めバング桃,16c.png,600,300,300,300
16斜めバング緑,16c.png,900,300,300,300
16斜めバング紅,16c.png,1200,300,300,300
16斜めバング紺,16c.png,1500,300,300,300
16斜めバング深緑,16c.png,1800,300,300,300

16斜めバング２金,16c2.png,0,0,300,300
16斜めバング２銀,16c2.png,300,0,300,300
16斜めバング２黒,16c2.png,600,0,300,300
16斜めバング２紫,16c2.png,900,0,300,300
16斜めバング２青,16c2.png,1200,0,300,300
16斜めバング２白,16c2.png,1500,0,300,300
16斜めバング２焦茶,16c2.png,1800,0,300,300
16斜めバング２真鍮,16c2.png,2100,0,300,300
16斜めバング２赤,16c2.png,0,300,300,300
16斜めバング２茶,16c2.png,300,300,300,300
16斜めバング２桃,16c2.png,600,300,300,300
16斜めバング２緑,16c2.png,900,300,300,300
16斜めバング２紅,16c2.png,1200,300,300,300
16斜めバング２紺,16c2.png,1500,300,300,300
16斜めバング２深緑,16c2.png,1800,300,300,300

16ぱっつん金,16d.png,0,0,300,300
16ぱっつん銀,16d.png,300,0,300,300
16ぱっつん黒,16d.png,600,0,300,300
16ぱっつん紫,16d.png,900,0,300,300
16ぱっつん青,16d.png,1200,0,300,300
16ぱっつん白,16d.png,1500,0,300,300
16ぱっつん焦茶,16d.png,1800,0,300,300
16ぱっつん真鍮,16d.png,2100,0,300,300
16ぱっつん赤,16d.png,0,300,300,300
16ぱっつん茶,16d.png,300,300,300,300
16ぱっつん桃,16d.png,600,300,300,300
16ぱっつん緑,16d.png,900,300,300,300
16ぱっつん紅,16d.png,1200,300,300,300
16ぱっつん紺,16d.png,1500,300,300,300
16ぱっつん深緑,16d.png,1800,300,300,300

16かきあげ金,16e.png,0,0,300,300
16かきあげ銀,16e.png,300,0,300,300
16かきあげ黒,16e.png,600,0,300,300
16かきあげ紫,16e.png,900,0,300,300
16かきあげ青,16e.png,1200,0,300,300
16かきあげ白,16e.png,1500,0,300,300
16かきあげ焦茶,16e.png,1800,0,300,300
16かきあげ真鍮,16e.png,2100,0,300,300
16かきあげ赤,16e.png,0,300,300,300
16かきあげ茶,16e.png,300,300,300,300
16かきあげ桃,16e.png,600,300,300,300
16かきあげ緑,16e.png,900,300,300,300
16かきあげ紅,16e.png,1200,300,300,300
16かきあげ紺,16e.png,1500,300,300,300
16かきあげ深緑,16e.png,1800,300,300,300
16かきあげ1金,16e1.png,0,0,300,300
16かきあげ1銀,16e1.png,300,0,300,300
16かきあげ1黒,16e1.png,600,0,300,300
16かきあげ1紫,16e1.png,900,0,300,300
16かきあげ1青,16e1.png,1200,0,300,300
16かきあげ1白,16e1.png,1500,0,300,300
16かきあげ1焦茶,16e1.png,1800,0,300,300
16かきあげ1真鍮,16e1.png,2100,0,300,300
16かきあげ1赤,16e1.png,0,300,300,300
16かきあげ1茶,16e1.png,300,300,300,300
16かきあげ1桃,16e1.png,600,300,300,300
16かきあげ1緑,16e1.png,900,300,300,300
16かきあげ1紅,16e1.png,1200,300,300,300
16かきあげ1紺,16e1.png,1500,300,300,300
16かきあげ1深緑,16e1.png,1800,300,300,300

16片目隠れ金,16f.png,0,0,300,300
16片目隠れ銀,16f.png,300,0,300,300
16片目隠れ黒,16f.png,600,0,300,300
16片目隠れ紫,16f.png,900,0,300,300
16片目隠れ青,16f.png,1200,0,300,300
16片目隠れ白,16f.png,1500,0,300,300
16片目隠れ焦茶,16f.png,1800,0,300,300
16片目隠れ真鍮,16f.png,2100,0,300,300
16片目隠れ赤,16f.png,0,300,300,300
16片目隠れ茶,16f.png,300,300,300,300
16片目隠れ桃,16f.png,600,300,300,300
16片目隠れ緑,16f.png,900,300,300,300
16片目隠れ紅,16f.png,1200,300,300,300
16片目隠れ紺,16f.png,1500,300,300,300
16片目隠れ深緑,16f.png,1800,300,300,300

16編み込み金,16g.png,0,0,300,300
16編み込み銀,16g.png,300,0,300,300
16編み込み黒,16g.png,600,0,300,300
16編み込み紫,16g.png,900,0,300,300
16編み込み青,16g.png,1200,0,300,300
16編み込み白,16g.png,1500,0,300,300
16編み込み焦茶,16g.png,1800,0,300,300
16編み込み真鍮,16g.png,2100,0,300,300
16編み込み赤,16g.png,0,300,300,300
16編み込み茶,16g.png,300,300,300,300
16編み込み桃,16g.png,600,300,300,300
16編み込み緑,16g.png,900,300,300,300
16編み込み紅,16g.png,1200,300,300,300
16編み込み紺,16g.png,1500,300,300,300
16編み込み深緑,16g.png,1800,300,300,300
16編み込み1金,16g1.png,0,0,300,300
16編み込み1銀,16g1.png,300,0,300,300
16編み込み1黒,16g1.png,600,0,300,300
16編み込み1紫,16g1.png,900,0,300,300
16編み込み1青,16g1.png,1200,0,300,300
16編み込み1白,16g1.png,1500,0,300,300
16編み込み1焦茶,16g1.png,1800,0,300,300
16編み込み1真鍮,16g1.png,2100,0,300,300
16編み込み1赤,16g1.png,0,300,300,300
16編み込み1茶,16g1.png,300,300,300,300
16編み込み1桃,16g1.png,600,300,300,300
16編み込み1緑,16g1.png,900,300,300,300
16編み込み1紅,16g1.png,1200,300,300,300
16編み込み1紺,16g1.png,1500,300,300,300
16編み込み1深緑,16g1.png,1800,300,300,300

16外ハネバング金,16h.png,0,0,300,300
16外ハネバング銀,16h.png,300,0,300,300
16外ハネバング黒,16h.png,600,0,300,300
16外ハネバング紫,16h.png,900,0,300,300
16外ハネバング青,16h.png,1200,0,300,300
16外ハネバング白,16h.png,1500,0,300,300
16外ハネバング焦茶,16h.png,1800,0,300,300
16外ハネバング真鍮,16h.png,2100,0,300,300
16外ハネバング赤,16h.png,0,300,300,300
16外ハネバング茶,16h.png,300,300,300,300
16外ハネバング桃,16h.png,600,300,300,300
16外ハネバング緑,16h.png,900,300,300,300
16外ハネバング紅,16h.png,1200,300,300,300
16外ハネバング紺,16h.png,1500,300,300,300
16外ハネバング深緑,16h.png,1800,300,300,300
16外ハネバング1金,16h1.png,0,0,300,300
16外ハネバング1銀,16h1.png,300,0,300,300
16外ハネバング1黒,16h1.png,600,0,300,300
16外ハネバング1紫,16h1.png,900,0,300,300
16外ハネバング1青,16h1.png,1200,0,300,300
16外ハネバング1白,16h1.png,1500,0,300,300
16外ハネバング1焦茶,16h1.png,1800,0,300,300
16外ハネバング1真鍮,16h1.png,2100,0,300,300
16外ハネバング1赤,16h1.png,0,300,300,300
16外ハネバング1茶,16h1.png,300,300,300,300
16外ハネバング1桃,16h1.png,600,300,300,300
16外ハネバング1緑,16h1.png,900,300,300,300
16外ハネバング1紅,16h1.png,1200,300,300,300
16外ハネバング1紺,16h1.png,1500,300,300,300
16外ハネバング1深緑,16h1.png,1800,300,300,300

16両目隠れ金,16i.png,0,0,300,300
16両目隠れ銀,16i.png,300,0,300,300
16両目隠れ黒,16i.png,600,0,300,300
16両目隠れ紫,16i.png,900,0,300,300
16両目隠れ青,16i.png,1200,0,300,300
16両目隠れ白,16i.png,1500,0,300,300
16両目隠れ焦茶,16i.png,1800,0,300,300
16両目隠れ真鍮,16i.png,2100,0,300,300
16両目隠れ赤,16i.png,0,300,300,300
16両目隠れ茶,16i.png,300,300,300,300
16両目隠れ桃,16i.png,600,300,300,300
16両目隠れ緑,16i.png,900,300,300,300
16両目隠れ紅,16i.png,1200,300,300,300
16両目隠れ紺,16i.png,1500,300,300,300
16両目隠れ深緑,16i.png,1800,300,300,300

16もみあげロング金,16j.png,0,0,300,300
16もみあげロング銀,16j.png,300,0,300,300
16もみあげロング黒,16j.png,600,0,300,300
16もみあげロング紫,16j.png,900,0,300,300
16もみあげロング青,16j.png,1200,0,300,300
16もみあげロング白,16j.png,1500,0,300,300
16もみあげロング焦茶,16j.png,1800,0,300,300
16もみあげロング真鍮,16j.png,2100,0,300,300
16もみあげロング赤,16j.png,0,300,300,300
16もみあげロング茶,16j.png,300,300,300,300
16もみあげロング桃,16j.png,600,300,300,300
16もみあげロング緑,16j.png,900,300,300,300
16もみあげロング紅,16j.png,1200,300,300,300
16もみあげロング紺,16j.png,1500,300,300,300
16もみあげロング深緑,16j.png,1800,300,300,300

16デコ出し金,16k.png,0,0,300,300
16デコ出し銀,16k.png,300,0,300,300
16デコ出し黒,16k.png,600,0,300,300
16デコ出し紫,16k.png,900,0,300,300
16デコ出し青,16k.png,1200,0,300,300
16デコ出し白,16k.png,1500,0,300,300
16デコ出し焦茶,16k.png,1800,0,300,300
16デコ出し真鍮,16k.png,2100,0,300,300
16デコ出し赤,16k.png,0,300,300,300
16デコ出し茶,16k.png,300,300,300,300
16デコ出し桃,16k.png,600,300,300,300
16デコ出し緑,16k.png,900,300,300,300
16デコ出し紅,16k.png,1200,300,300,300
16デコ出し紺,16k.png,1500,300,300,300
16デコ出し深緑,16k.png,1800,300,300,300
16デコ出し1金,16k1.png,0,0,300,300
16デコ出し1銀,16k1.png,300,0,300,300
16デコ出し1黒,16k1.png,600,0,300,300
16デコ出し1紫,16k1.png,900,0,300,300
16デコ出し1青,16k1.png,1200,0,300,300
16デコ出し1白,16k1.png,1500,0,300,300
16デコ出し1焦茶,16k1.png,1800,0,300,300
16デコ出し1真鍮,16k1.png,2100,0,300,300
16デコ出し1赤,16k1.png,0,300,300,300
16デコ出し1茶,16k1.png,300,300,300,300
16デコ出し1桃,16k1.png,600,300,300,300
16デコ出し1緑,16k1.png,900,300,300,300
16デコ出し1紅,16k1.png,1200,300,300,300
16デコ出し1紺,16k1.png,1500,300,300,300
16デコ出し1深緑,16k1.png,1800,300,300,300

16ボサボサ金,16l.png,0,0,300,300
16ボサボサ銀,16l.png,300,0,300,300
16ボサボサ黒,16l.png,600,0,300,300
16ボサボサ紫,16l.png,900,0,300,300
16ボサボサ青,16l.png,1200,0,300,300
16ボサボサ白,16l.png,1500,0,300,300
16ボサボサ焦茶,16l.png,1800,0,300,300
16ボサボサ真鍮,16l.png,2100,0,300,300
16ボサボサ赤,16l.png,0,300,300,300
16ボサボサ茶,16l.png,300,300,300,300
16ボサボサ桃,16l.png,600,300,300,300
16ボサボサ緑,16l.png,900,300,300,300
16ボサボサ紅,16l.png,1200,300,300,300
16ボサボサ紺,16l.png,1500,300,300,300
16ボサボサ深緑,16l.png,1800,300,300,300

16ボサボサ２金,16la.png,0,0,300,300
16ボサボサ２銀,16la.png,300,0,300,300
16ボサボサ２黒,16la.png,600,0,300,300
16ボサボサ２紫,16la.png,900,0,300,300
16ボサボサ２青,16la.png,1200,0,300,300
16ボサボサ２白,16la.png,1500,0,300,300
16ボサボサ２焦茶,16la.png,1800,0,300,300
16ボサボサ２真鍮,16la.png,2100,0,300,300
16ボサボサ２赤,16la.png,0,300,300,300
16ボサボサ２茶,16la.png,300,300,300,300
16ボサボサ２桃,16la.png,600,300,300,300
16ボサボサ２緑,16la.png,900,300,300,300
16ボサボサ２紅,16la.png,1200,300,300,300
16ボサボサ２紺,16la.png,1500,300,300,300
16ボサボサ２深緑,16la.png,1800,300,300,300

16ボサボサ２ロング金,16lab.png,0,0,300,300
16ボサボサ２ロング銀,16lab.png,300,0,300,300
16ボサボサ２ロング黒,16lab.png,600,0,300,300
16ボサボサ２ロング紫,16lab.png,900,0,300,300
16ボサボサ２ロング青,16lab.png,1200,0,300,300
16ボサボサ２ロング白,16lab.png,1500,0,300,300
16ボサボサ２ロング焦茶,16lab.png,1800,0,300,300
16ボサボサ２ロング真鍮,16lab.png,2100,0,300,300
16ボサボサ２ロング赤,16lab.png,0,300,300,300
16ボサボサ２ロング茶,16lab.png,300,300,300,300
16ボサボサ２ロング桃,16lab.png,600,300,300,300
16ボサボサ２ロング緑,16lab.png,900,300,300,300
16ボサボサ２ロング紅,16lab.png,1200,300,300,300
16ボサボサ２ロング紺,16lab.png,1500,300,300,300
16ボサボサ２ロング深緑,16lab.png,1800,300,300,300

16ボサボサ３金,16lb.png,0,0,300,300
16ボサボサ３銀,16lb.png,300,0,300,300
16ボサボサ３黒,16lb.png,600,0,300,300
16ボサボサ３紫,16lb.png,900,0,300,300
16ボサボサ３青,16lb.png,1200,0,300,300
16ボサボサ３白,16lb.png,1500,0,300,300
16ボサボサ３焦茶,16lb.png,1800,0,300,300
16ボサボサ３真鍮,16lb.png,2100,0,300,300
16ボサボサ３赤,16lb.png,0,300,300,300
16ボサボサ３茶,16lb.png,300,300,300,300
16ボサボサ３桃,16lb.png,600,300,300,300
16ボサボサ３緑,16lb.png,900,300,300,300
16ボサボサ３紅,16lb.png,1200,300,300,300
16ボサボサ３紺,16lb.png,1500,300,300,300
16ボサボサ３深緑,16lb.png,1800,300,300,300

16ボサボサ４金,16lc.png,0,0,300,300
16ボサボサ４銀,16lc.png,300,0,300,300
16ボサボサ４黒,16lc.png,600,0,300,300
16ボサボサ４紫,16lc.png,900,0,300,300
16ボサボサ４青,16lc.png,1200,0,300,300
16ボサボサ４白,16lc.png,1500,0,300,300
16ボサボサ４焦茶,16lc.png,1800,0,300,300
16ボサボサ４真鍮,16lc.png,2100,0,300,300
16ボサボサ４赤,16lc.png,0,300,300,300
16ボサボサ４茶,16lc.png,300,300,300,300
16ボサボサ４桃,16lc.png,600,300,300,300
16ボサボサ４緑,16lc.png,900,300,300,300
16ボサボサ４紅,16lc.png,1200,300,300,300
16ボサボサ４紺,16lc.png,1500,300,300,300
16ボサボサ４深緑,16lc.png,1800,300,300,300

16ボサボサ５金,16ld.png,0,0,300,300
16ボサボサ５銀,16ld.png,300,0,300,300
16ボサボサ５黒,16ld.png,600,0,300,300
16ボサボサ５紫,16ld.png,900,0,300,300
16ボサボサ５青,16ld.png,1200,0,300,300
16ボサボサ５白,16ld.png,1500,0,300,300
16ボサボサ５焦茶,16ld.png,1800,0,300,300
16ボサボサ５真鍮,16ld.png,2100,0,300,300
16ボサボサ５赤,16ld.png,0,300,300,300
16ボサボサ５茶,16ld.png,300,300,300,300
16ボサボサ５桃,16ld.png,600,300,300,300
16ボサボサ５緑,16ld.png,900,300,300,300
16ボサボサ５紅,16ld.png,1200,300,300,300
16ボサボサ５紺,16ld.png,1500,300,300,300
16ボサボサ５深緑,16ld.png,1800,300,300,300

16アシメ金,16ll.png,0,0,300,300
16アシメ銀,16ll.png,300,0,300,300
16アシメ黒,16ll.png,600,0,300,300
16アシメ紫,16ll.png,900,0,300,300
16アシメ青,16ll.png,1200,0,300,300
16アシメ白,16ll.png,1500,0,300,300
16アシメ焦茶,16ll.png,1800,0,300,300
16アシメ真鍮,16ll.png,2100,0,300,300
16アシメ赤,16ll.png,0,300,300,300
16アシメ茶,16ll.png,300,300,300,300
16アシメ桃,16ll.png,600,300,300,300
16アシメ緑,16ll.png,900,300,300,300
16アシメ紅,16ll.png,1200,300,300,300
16アシメ紺,16ll.png,1500,300,300,300
16アシメ深緑,16ll.png,1800,300,300,300

16アシメ２金,16lr.png,0,0,300,300
16アシメ２銀,16lr.png,300,0,300,300
16アシメ２黒,16lr.png,600,0,300,300
16アシメ２紫,16lr.png,900,0,300,300
16アシメ２青,16lr.png,1200,0,300,300
16アシメ２白,16lr.png,1500,0,300,300
16アシメ２焦茶,16lr.png,1800,0,300,300
16アシメ２真鍮,16lr.png,2100,0,300,300
16アシメ２赤,16lr.png,0,300,300,300
16アシメ２茶,16lr.png,300,300,300,300
16アシメ２桃,16lr.png,600,300,300,300
16アシメ２緑,16lr.png,900,300,300,300
16アシメ２紅,16lr.png,1200,300,300,300
16アシメ２紺,16lr.png,1500,300,300,300
16アシメ２深緑,16lr.png,1800,300,300,300

16インテーク金,16m.png,0,0,300,300
16インテーク銀,16m.png,300,0,300,300
16インテーク黒,16m.png,600,0,300,300
16インテーク紫,16m.png,900,0,300,300
16インテーク青,16m.png,1200,0,300,300
16インテーク白,16m.png,1500,0,300,300
16インテーク焦茶,16m.png,1800,0,300,300
16インテーク真鍮,16m.png,2100,0,300,300
16インテーク赤,16m.png,0,300,300,300
16インテーク茶,16m.png,300,300,300,300
16インテーク桃,16m.png,600,300,300,300
16インテーク緑,16m.png,900,300,300,300
16インテーク紅,16m.png,1200,300,300,300
16インテーク紺,16m.png,1500,300,300,300
16インテーク深緑,16m.png,1800,300,300,300

16シースルーバング金,16n.png,0,0,300,300
16シースルーバング銀,16n.png,300,0,300,300
16シースルーバング黒,16n.png,600,0,300,300
16シースルーバング紫,16n.png,900,0,300,300
16シースルーバング青,16n.png,1200,0,300,300
16シースルーバング白,16n.png,1500,0,300,300
16シースルーバング焦茶,16n.png,1800,0,300,300
16シースルーバング真鍮,16n.png,2100,0,300,300
16シースルーバング赤,16n.png,0,300,300,300
16シースルーバング茶,16n.png,300,300,300,300
16シースルーバング桃,16n.png,600,300,300,300
16シースルーバング緑,16n.png,900,300,300,300
16シースルーバング紅,16n.png,1200,300,300,300
16シースルーバング紺,16n.png,1500,300,300,300
16シースルーバング深緑,16n.png,1800,300,300,300

16シースルーバング２金,16na.png,0,0,300,300
16シースルーバング２銀,16na.png,300,0,300,300
16シースルーバング２黒,16na.png,600,0,300,300
16シースルーバング２紫,16na.png,900,0,300,300
16シースルーバング２青,16na.png,1200,0,300,300
16シースルーバング２白,16na.png,1500,0,300,300
16シースルーバング２焦茶,16na.png,1800,0,300,300
16シースルーバング２真鍮,16na.png,2100,0,300,300
16シースルーバング２赤,16na.png,0,300,300,300
16シースルーバング２茶,16na.png,300,300,300,300
16シースルーバング２桃,16na.png,600,300,300,300
16シースルーバング２緑,16na.png,900,300,300,300
16シースルーバング２紅,16na.png,1200,300,300,300
16シースルーバング２紺,16na.png,1500,300,300,300
16シースルーバング２深緑,16na.png,1800,300,300,300

16シースルーバング３金,16nb.png,0,0,300,300
16シースルーバング３銀,16nb.png,300,0,300,300
16シースルーバング３黒,16nb.png,600,0,300,300
16シースルーバング３紫,16nb.png,900,0,300,300
16シースルーバング３青,16nb.png,1200,0,300,300
16シースルーバング３白,16nb.png,1500,0,300,300
16シースルーバング３焦茶,16nb.png,1800,0,300,300
16シースルーバング３真鍮,16nb.png,2100,0,300,300
16シースルーバング３赤,16nb.png,0,300,300,300
16シースルーバング３茶,16nb.png,300,300,300,300
16シースルーバング３桃,16nb.png,600,300,300,300
16シースルーバング３緑,16nb.png,900,300,300,300
16シースルーバング３紅,16nb.png,1200,300,300,300
16シースルーバング３紺,16nb.png,1500,300,300,300
16シースルーバング３深緑,16nb.png,1800,300,300,300

16右分け金,16o.png,0,0,300,300
16右分け銀,16o.png,300,0,300,300
16右分け黒,16o.png,600,0,300,300
16右分け紫,16o.png,900,0,300,300
16右分け青,16o.png,1200,0,300,300
16右分け白,16o.png,1500,0,300,300
16右分け焦茶,16o.png,1800,0,300,300
16右分け真鍮,16o.png,2100,0,300,300
16右分け赤,16o.png,0,300,300,300
16右分け茶,16o.png,300,300,300,300
16右分け桃,16o.png,600,300,300,300
16右分け緑,16o.png,900,300,300,300
16右分け紅,16o.png,1200,300,300,300
16右分け紺,16o.png,1500,300,300,300
16右分け深緑,16o.png,1800,300,300,300

16弱目隠れ金,16p.png,0,0,300,300
16弱目隠れ銀,16p.png,300,0,300,300
16弱目隠れ黒,16p.png,600,0,300,300
16弱目隠れ紫,16p.png,900,0,300,300
16弱目隠れ青,16p.png,1200,0,300,300
16弱目隠れ白,16p.png,1500,0,300,300
16弱目隠れ焦茶,16p.png,1800,0,300,300
16弱目隠れ真鍮,16p.png,2100,0,300,300
16弱目隠れ赤,16p.png,0,300,300,300
16弱目隠れ茶,16p.png,300,300,300,300
16弱目隠れ桃,16p.png,600,300,300,300
16弱目隠れ緑,16p.png,900,300,300,300
16弱目隠れ紅,16p.png,1200,300,300,300
16弱目隠れ紺,16p.png,1500,300,300,300
16弱目隠れ深緑,16p.png,1800,300,300,300

16弱目隠れ２金,16p2.png,0,0,300,300
16弱目隠れ２銀,16p2.png,300,0,300,300
16弱目隠れ２黒,16p2.png,600,0,300,300
16弱目隠れ２紫,16p2.png,900,0,300,300
16弱目隠れ２青,16p2.png,1200,0,300,300
16弱目隠れ２白,16p2.png,1500,0,300,300
16弱目隠れ２焦茶,16p2.png,1800,0,300,300
16弱目隠れ２真鍮,16p2.png,2100,0,300,300
16弱目隠れ２赤,16p2.png,0,300,300,300
16弱目隠れ２茶,16p2.png,300,300,300,300
16弱目隠れ２桃,16p2.png,600,300,300,300
16弱目隠れ２緑,16p2.png,900,300,300,300
16弱目隠れ２紅,16p2.png,1200,300,300,300
16弱目隠れ２紺,16p2.png,1500,300,300,300
16弱目隠れ２深緑,16p2.png,1800,300,300,300

16かむろ風金,16p3.png,0,0,300,300
16かむろ風銀,16p3.png,300,0,300,300
16かむろ風黒,16p3.png,600,0,300,300
16かむろ風紫,16p3.png,900,0,300,300
16かむろ風青,16p3.png,1200,0,300,300
16かむろ風白,16p3.png,1500,0,300,300
16かむろ風焦茶,16p3.png,1800,0,300,300
16かむろ風真鍮,16p3.png,2100,0,300,300
16かむろ風赤,16p3.png,0,300,300,300
16かむろ風茶,16p3.png,300,300,300,300
16かむろ風桃,16p3.png,600,300,300,300
16かむろ風緑,16p3.png,900,300,300,300
16かむろ風紅,16p3.png,1200,300,300,300
16かむろ風紺,16p3.png,1500,300,300,300
16かむろ風深緑,16p3.png,1800,300,300,300

16Ｍ字バング金,16q.png,0,0,300,300
16Ｍ字バング銀,16q.png,300,0,300,300
16Ｍ字バング黒,16q.png,600,0,300,300
16Ｍ字バング紫,16q.png,900,0,300,300
16Ｍ字バング青,16q.png,1200,0,300,300
16Ｍ字バング白,16q.png,1500,0,300,300
16Ｍ字バング焦茶,16q.png,1800,0,300,300
16Ｍ字バング真鍮,16q.png,2100,0,300,300
16Ｍ字バング赤,16q.png,0,300,300,300
16Ｍ字バング茶,16q.png,300,300,300,300
16Ｍ字バング桃,16q.png,600,300,300,300
16Ｍ字バング緑,16q.png,900,300,300,300
16Ｍ字バング紅,16q.png,1200,300,300,300
16Ｍ字バング紺,16q.png,1500,300,300,300
16Ｍ字バング深緑,16q.png,1800,300,300,300

16真ん中分け金,16r.png,0,0,300,300
16真ん中分け銀,16r.png,300,0,300,300
16真ん中分け黒,16r.png,600,0,300,300
16真ん中分け紫,16r.png,900,0,300,300
16真ん中分け青,16r.png,1200,0,300,300
16真ん中分け白,16r.png,1500,0,300,300
16真ん中分け焦茶,16r.png,1800,0,300,300
16真ん中分け真鍮,16r.png,2100,0,300,300
16真ん中分け赤,16r.png,0,300,300,300
16真ん中分け茶,16r.png,300,300,300,300
16真ん中分け桃,16r.png,600,300,300,300
16真ん中分け緑,16r.png,900,300,300,300
16真ん中分け紅,16r.png,1200,300,300,300
16真ん中分け紺,16r.png,1500,300,300,300
16真ん中分け深緑,16r.png,1800,300,300,300

16うね毛バング金,16s.png,0,0,300,300
16うね毛バング銀,16s.png,300,0,300,300
16うね毛バング黒,16s.png,600,0,300,300
16うね毛バング紫,16s.png,900,0,300,300
16うね毛バング青,16s.png,1200,0,300,300
16うね毛バング白,16s.png,1500,0,300,300
16うね毛バング焦茶,16s.png,1800,0,300,300
16うね毛バング真鍮,16s.png,2100,0,300,300
16うね毛バング赤,16s.png,0,300,300,300
16うね毛バング茶,16s.png,300,300,300,300
16うね毛バング桃,16s.png,600,300,300,300
16うね毛バング緑,16s.png,900,300,300,300
16うね毛バング紅,16s.png,1200,300,300,300
16うね毛バング紺,16s.png,1500,300,300,300
16うね毛バング深緑,16s.png,1800,300,300,300

16前髪クロス金,16t.png,0,0,300,300
16前髪クロス銀,16t.png,300,0,300,300
16前髪クロス黒,16t.png,600,0,300,300
16前髪クロス紫,16t.png,900,0,300,300
16前髪クロス青,16t.png,1200,0,300,300
16前髪クロス白,16t.png,1500,0,300,300
16前髪クロス焦茶,16t.png,1800,0,300,300
16前髪クロス真鍮,16t.png,2100,0,300,300
16前髪クロス赤,16t.png,0,300,300,300
16前髪クロス茶,16t.png,300,300,300,300
16前髪クロス桃,16t.png,600,300,300,300
16前髪クロス緑,16t.png,900,300,300,300
16前髪クロス紅,16t.png,1200,300,300,300
16前髪クロス紺,16t.png,1500,300,300,300
16前髪クロス深緑,16t.png,1800,300,300,300
