﻿CIP淚珠泳衣普通,CIPティアドロップ肌色.png,0,0,300,100
CIP淚珠泳衣褐色肌,CIPティアドロップ褐色.png,0,0,300,100
CIP淚珠泳衣色白,CIPティアドロップ色白.png,0,0,300,100
CIP淚珠泳衣青肌,CIPティアドロップ青肌.png,0,0,300,100
CIP淚珠泳衣赤,CIPティアドロップ赤.png,0,0,300,100
CIP淚珠泳衣黒,CIPティアドロップ黒.png,0,0,300,100
CIP淚珠泳衣紫,CIPティアドロップ紫.png,0,0,300,100
CIP淚珠泳衣青,CIPティアドロップ青.png,0,0,300,100

CIP淚珠泳衣豹纹,CIPティアドロップ豹柄.png,0,0,300,100
