﻿CIP丁字褲普通,CIPＧストリング肌色.png,0,0,300,100
CIP丁字褲褐色肌,CIPＧストリング褐色.png,0,0,300,100
CIP丁字褲色白,CIPＧストリング色白.png,0,0,300,100
CIP丁字褲青肌,CIPＧストリング青肌.png,0,0,300,100
CIP丁字褲赤,CIPＧストリング赤.png,0,0,300,100
CIP丁字褲黒,CIPＧストリング黒.png,0,0,300,100
CIP丁字褲紫,CIPＧストリング紫.png,0,0,300,100
CIP丁字褲青,CIPＧストリング青.png,0,0,300,100

CIP丁字褲豹纹,CIPＧストリング豹柄.png,0,0,300,100
