﻿CIP儿童胖次普通,CIP女児ショーツ肌色.png,0,0,300,100
CIP儿童胖次褐色肌,CIP女児ショーツ褐色.png,0,0,300,100
CIP儿童胖次色白,CIP女児ショーツ色白.png,0,0,300,100
CIP儿童胖次青肌,CIP女児ショーツ青肌.png,0,0,300,100
CIP儿童胖次いちご柄,CIP女児ショーツいちご.png,0,0,300,100
CIP儿童胖次くま柄,CIP女児ショーツくま.png,0,0,300,100
CIP儿童胖次さかな柄,CIP女児ショーツさかな.png,0,0,300,100
CIP儿童胖次ねこ柄,CIP女児ショーツねこ.png,0,0,300,100
CIP儿童胖次ひよこ柄,CIP女児ショーツひよこ.png,0,0,300,100
CIP儿童胖次りぼん柄,CIP女児ショーツりぼん.png,0,0,300,100
CIP儿童胖次水玉模様,CIP女児ショーツ水玉.png,0,0,300,100
CIP儿童胖次緑色,CIP女児ショーツ緑.png,0,0,300,100
