﻿CIP蕾丝普通,CIPレース肌色.png,0,0,300,100
CIP蕾丝褐色肌,CIPレース褐色.png,0,0,300,100
CIP蕾丝色白,CIPレース色白.png,0,0,300,100
CIP蕾丝青肌,CIPレース青肌.png,0,0,300,100
CIP蕾丝赤,CIPレース赤.png,0,0,300,100
CIP蕾丝黒,CIPレース黒.png,0,0,300,100
CIP蕾丝紫,CIPレース紫.png,0,0,300,100
CIP蕾丝青,CIPレース青.png,0,0,300,100
CIP蕾丝黄色,CIPレース黄.png,0,0,300,100
CIP蕾丝桃,CIPレース桃.png,0,0,300,100
CIP蕾丝白,CIPレース白.png,0,0,300,100
CIP蕾丝緑色,CIPレース緑.png,0,0,300,100
