﻿;淫紋
CIP淫紋汎用正面粉紅1,CIP淫紋汎用正面ピンク.png,0,0,300,100
CIP淫紋汎用正面粉紅2,CIP淫紋汎用正面ピンク.png,0,0,300,100
CIP淫紋汎用正面粉紅3,CIP淫紋汎用正面ピンク.png,300,0,300,100
CIP淫紋汎用正面粉紅4,CIP淫紋汎用正面ピンク.png,600,0,300,100
CIP淫紋汎用正面粉紅おめでた,CIP淫紋汎用正面ピンク.png,900,0,300,100

CIP淫紋すじ粉紅1,CIP淫紋すじピンク.png,0,0,300,100
CIP淫紋すじ粉紅2,CIP淫紋すじピンク.png,0,0,300,100
CIP淫紋すじ粉紅3,CIP淫紋すじピンク.png,300,0,300,100
CIP淫紋すじ粉紅4,CIP淫紋すじピンク.png,600,0,300,100
CIP淫紋すじ粉紅おめでた,CIP淫紋すじピンク.png,900,0,300,100

CIP淫紋淚珠泳衣粉紅1,CIP淫紋ティアドロップピンク.png,0,0,300,100
CIP淫紋淚珠泳衣粉紅2,CIP淫紋ティアドロップピンク.png,0,0,300,100
CIP淫紋淚珠泳衣粉紅3,CIP淫紋ティアドロップピンク.png,300,0,300,100
CIP淫紋淚珠泳衣粉紅4,CIP淫紋ティアドロップピンク.png,600,0,300,100
CIP淫紋淚珠泳衣粉紅おめでた,CIP淫紋ティアドロップピンク.png,900,0,300,100

CIP淫紋Micro粉紅1,CIP淫紋マイクロピンク.png,0,0,300,100
CIP淫紋Micro粉紅2,CIP淫紋マイクロピンク.png,0,0,300,100
CIP淫紋Micro粉紅3,CIP淫紋マイクロピンク.png,300,0,300,100
CIP淫紋Micro粉紅4,CIP淫紋マイクロピンク.png,600,0,300,100
CIP淫紋Micro粉紅おめでた,CIP淫紋マイクロピンク.png,900,0,300,100

CIP淫紋蕾丝粉紅1,CIP淫紋レースピンク.png,0,0,300,100
CIP淫紋蕾丝粉紅2,CIP淫紋レースピンク.png,0,0,300,100
CIP淫紋蕾丝粉紅3,CIP淫紋レースピンク.png,300,0,300,100
CIP淫紋蕾丝粉紅4,CIP淫紋レースピンク.png,3\600,0,300,100
CIP淫紋蕾丝粉紅おめでた,CIP淫紋レースピンク.png,900,0,300,100

CIP淫紋汎用正面黒1,CIP淫紋汎用正面黒.png,0,0,300,100
CIP淫紋汎用正面黒2,CIP淫紋汎用正面黒.png,0,0,300,100
CIP淫紋汎用正面黒3,CIP淫紋汎用正面黒.png,300,0,300,100
CIP淫紋汎用正面黒4,CIP淫紋汎用正面黒.png,600,0,300,100
CIP淫紋汎用正面黒おめでた,CIP淫紋汎用正面黒.png,900,0,300,100

CIP淫紋すじ黒1,CIP淫紋すじ黒.png,0,0,300,100
CIP淫紋すじ黒2,CIP淫紋すじ黒.png,0,0,300,100
CIP淫紋すじ黒3,CIP淫紋すじ黒.png,300,0,300,100
CIP淫紋すじ黒4,CIP淫紋すじ黒.png,600,0,300,100
CIP淫紋すじ黒おめでた,CIP淫紋すじ黒.png,900,0,300,100

CIP淫紋淚珠泳衣黒1,CIP淫紋ティアドロップ黒.png,0,0,300,100
CIP淫紋淚珠泳衣黒2,CIP淫紋ティアドロップ黒.png,0,0,300,100
CIP淫紋淚珠泳衣黒3,CIP淫紋ティアドロップ黒.png,300,0,300,100
CIP淫紋淚珠泳衣黒4,CIP淫紋ティアドロップ黒.png,600,0,300,100
CIP淫紋淚珠泳衣黒おめでた,CIP淫紋ティアドロップ黒.png,900,0,300,100

CIP淫紋Micro黒1,CIP淫紋マイクロ黒.png,0,0,300,100
CIP淫紋Micro黒2,CIP淫紋マイクロ黒.png,0,0,300,100
CIP淫紋Micro黒3,CIP淫紋マイクロ黒.png,300,0,300,100
CIP淫紋Micro黒4,CIP淫紋マイクロ黒.png,600,0,300,100
CIP淫紋Micro黒おめでた,CIP淫紋マイクロ黒.png,900,0,300,100

CIP淫紋蕾丝黒1,CIP淫紋レース黒.png,0,0,300,100
CIP淫紋蕾丝黒2,CIP淫紋レース黒.png,0,0,300,100
CIP淫紋蕾丝黒3,CIP淫紋レース黒.png,300,0,300,100
CIP淫紋蕾丝黒4,CIP淫紋レース黒.png,600,0,300,100
CIP淫紋蕾丝黒おめでた,CIP淫紋レース黒.png,900,0,300,100
