﻿;11目
11普通眼金左无眼白,11aL.png,0,0,300,300
11普通眼黒左无眼白,11aL.png,300,0,300,300
11普通眼紫左无眼白,11aL.png,600,0,300,300
11普通眼青左无眼白,11aL.png,900,0,300,300
11普通眼銀左无眼白,11aL.png,1200,0,300,300
11普通眼焦茶左无眼白,11aL.png,1500,0,300,300
11普通眼棕左无眼白,11aL.png,1800,0,300,300
11普通眼赤左无眼白,11aL.png,0,300,300,300
11普通眼茶左无眼白,11aL.png,300,300,300,300
11普通眼緑左无眼白,11aL.png,600,300,300,300
11普通眼紅左无眼白,11aL.png,900,300,300,300
11普通眼紺左无眼白,11aL.png,1200,300,300,300
11普通眼深緑左无眼白,11aL.png,1500,300,300,300
11普通眼白左无眼白,11aL.png,1800,300,300,300
11普通眼金右无眼白,11aR.png,0,0,300,300
11普通眼黒右无眼白,11aR.png,300,0,300,300
11普通眼紫右无眼白,11aR.png,600,0,300,300
11普通眼青右无眼白,11aR.png,900,0,300,300
11普通眼銀右无眼白,11aR.png,1200,0,300,300
11普通眼焦茶右无眼白,11aR.png,1500,0,300,300
11普通眼棕右无眼白,11aR.png,1800,0,300,300
11普通眼赤右无眼白,11aR.png,0,300,300,300
11普通眼茶右无眼白,11aR.png,300,300,300,300
11普通眼緑右无眼白,11aR.png,600,300,300,300
11普通眼紅右无眼白,11aR.png,900,300,300,300
11普通眼紺右无眼白,11aR.png,1200,300,300,300
11普通眼深緑右无眼白,11aR.png,1500,300,300,300
11普通眼白右无眼白,11aR.png,1800,300,300,300
11普通眼金左有眼白,11aLw.png,0,0,300,300
11普通眼黒左有眼白,11aLw.png,300,0,300,300
11普通眼紫左有眼白,11aLw.png,600,0,300,300
11普通眼青左有眼白,11aLw.png,900,0,300,300
11普通眼銀左有眼白,11aLw.png,1200,0,300,300
11普通眼焦茶左有眼白,11aLw.png,1500,0,300,300
11普通眼棕左有眼白,11aLw.png,1800,0,300,300
11普通眼赤左有眼白,11aLw.png,0,300,300,300
11普通眼茶左有眼白,11aLw.png,300,300,300,300
11普通眼緑左有眼白,11aLw.png,600,300,300,300
11普通眼紅左有眼白,11aLw.png,900,300,300,300
11普通眼紺左有眼白,11aLw.png,1200,300,300,300
11普通眼深緑左有眼白,11aLw.png,1500,300,300,300
11普通眼白左有眼白,11aLw.png,1800,300,300,300
11普通眼金右有眼白,11aRw.png,0,0,300,300
11普通眼黒右有眼白,11aRw.png,300,0,300,300
11普通眼紫右有眼白,11aRw.png,600,0,300,300
11普通眼青右有眼白,11aRw.png,900,0,300,300
11普通眼銀右有眼白,11aRw.png,1200,0,300,300
11普通眼焦茶右有眼白,11aRw.png,1500,0,300,300
11普通眼棕右有眼白,11aRw.png,1800,0,300,300
11普通眼赤右有眼白,11aRw.png,0,300,300,300
11普通眼茶右有眼白,11aRw.png,300,300,300,300
11普通眼緑右有眼白,11aRw.png,600,300,300,300
11普通眼紅右有眼白,11aRw.png,900,300,300,300
11普通眼紺右有眼白,11aRw.png,1200,300,300,300
11普通眼深緑右有眼白,11aRw.png,1500,300,300,300
11普通眼白右有眼白,11aRw.png,1800,300,300,300
11普通眼金左黑眼白,11aLb.png,0,0,300,300
11普通眼黒左黑眼白,11aLb.png,300,0,300,300
11普通眼紫左黑眼白,11aLb.png,600,0,300,300
11普通眼青左黑眼白,11aLb.png,900,0,300,300
11普通眼銀左黑眼白,11aLb.png,1200,0,300,300
11普通眼焦茶左黑眼白,11aLb.png,1500,0,300,300
11普通眼棕左黑眼白,11aLb.png,1800,0,300,300
11普通眼赤左黑眼白,11aLb.png,0,300,300,300
11普通眼茶左黑眼白,11aLb.png,300,300,300,300
11普通眼緑左黑眼白,11aLb.png,600,300,300,300
11普通眼紅左黑眼白,11aLb.png,900,300,300,300
11普通眼紺左黑眼白,11aLb.png,1200,300,300,300
11普通眼深緑左黑眼白,11aLb.png,1500,300,300,300
11普通眼白左黑眼白,11aLb.png,1800,300,300,300
11普通眼金右黑眼白,11aRb.png,0,0,300,300
11普通眼黒右黑眼白,11aRb.png,300,0,300,300
11普通眼紫右黑眼白,11aRb.png,600,0,300,300
11普通眼青右黑眼白,11aRb.png,900,0,300,300
11普通眼銀右黑眼白,11aRb.png,1200,0,300,300
11普通眼焦茶右黑眼白,11aRb.png,1500,0,300,300
11普通眼棕右黑眼白,11aRb.png,1800,0,300,300
11普通眼赤右黑眼白,11aRb.png,0,300,300,300
11普通眼茶右黑眼白,11aRb.png,300,300,300,300
11普通眼緑右黑眼白,11aRb.png,600,300,300,300
11普通眼紅右黑眼白,11aRb.png,900,300,300,300
11普通眼紺右黑眼白,11aRb.png,1200,300,300,300
11普通眼深緑右黑眼白,11aRb.png,1500,300,300,300
11普通眼白右黑眼白,11aRb.png,1800,300,300,300

11普通眼２金左无眼白,11a2L.png,0,0,300,300
11普通眼２黒左无眼白,11a2L.png,300,0,300,300
11普通眼２紫左无眼白,11a2L.png,600,0,300,300
11普通眼２青左无眼白,11a2L.png,900,0,300,300
11普通眼２銀左无眼白,11a2L.png,1200,0,300,300
11普通眼２焦茶左无眼白,11a2L.png,1500,0,300,300
11普通眼２棕左无眼白,11a2L.png,1800,0,300,300
11普通眼２赤左无眼白,11a2L.png,0,300,300,300
11普通眼２茶左无眼白,11a2L.png,300,300,300,300
11普通眼２緑左无眼白,11a2L.png,600,300,300,300
11普通眼２紅左无眼白,11a2L.png,900,300,300,300
11普通眼２紺左无眼白,11a2L.png,1200,300,300,300
11普通眼２深緑左无眼白,11a2L.png,1500,300,300,300
11普通眼２白左无眼白,11a2L.png,1800,300,300,300
11普通眼２金右无眼白,11a2R.png,0,0,300,300
11普通眼２黒右无眼白,11a2R.png,300,0,300,300
11普通眼２紫右无眼白,11a2R.png,600,0,300,300
11普通眼２青右无眼白,11a2R.png,900,0,300,300
11普通眼２銀右无眼白,11a2R.png,1200,0,300,300
11普通眼２焦茶右无眼白,11a2R.png,1500,0,300,300
11普通眼２棕右无眼白,11a2R.png,1800,0,300,300
11普通眼２赤右无眼白,11a2R.png,0,300,300,300
11普通眼２茶右无眼白,11a2R.png,300,300,300,300
11普通眼２緑右无眼白,11a2R.png,600,300,300,300
11普通眼２紅右无眼白,11a2R.png,900,300,300,300
11普通眼２紺右无眼白,11a2R.png,1200,300,300,300
11普通眼２深緑右无眼白,11a2R.png,1500,300,300,300
11普通眼２白右无眼白,11a2R.png,1800,300,300,300
11普通眼２金左有眼白,11a2Lw.png,0,0,300,300
11普通眼２黒左有眼白,11a2Lw.png,300,0,300,300
11普通眼２紫左有眼白,11a2Lw.png,600,0,300,300
11普通眼２青左有眼白,11a2Lw.png,900,0,300,300
11普通眼２銀左有眼白,11a2Lw.png,1200,0,300,300
11普通眼２焦茶左有眼白,11a2Lw.png,1500,0,300,300
11普通眼２棕左有眼白,11a2Lw.png,1800,0,300,300
11普通眼２赤左有眼白,11a2Lw.png,0,300,300,300
11普通眼２茶左有眼白,11a2Lw.png,300,300,300,300
11普通眼２緑左有眼白,11a2Lw.png,600,300,300,300
11普通眼２紅左有眼白,11a2Lw.png,900,300,300,300
11普通眼２紺左有眼白,11a2Lw.png,1200,300,300,300
11普通眼２深緑左有眼白,11a2Lw.png,1500,300,300,300
11普通眼２白左有眼白,11a2Lw.png,1800,300,300,300
11普通眼２金右有眼白,11a2Rw.png,0,0,300,300
11普通眼２黒右有眼白,11a2Rw.png,300,0,300,300
11普通眼２紫右有眼白,11a2Rw.png,600,0,300,300
11普通眼２青右有眼白,11a2Rw.png,900,0,300,300
11普通眼２銀右有眼白,11a2Rw.png,1200,0,300,300
11普通眼２焦茶右有眼白,11a2Rw.png,1500,0,300,300
11普通眼２棕右有眼白,11a2Rw.png,1800,0,300,300
11普通眼２赤右有眼白,11a2Rw.png,0,300,300,300
11普通眼２茶右有眼白,11a2Rw.png,300,300,300,300
11普通眼２緑右有眼白,11a2Rw.png,600,300,300,300
11普通眼２紅右有眼白,11a2Rw.png,900,300,300,300
11普通眼２紺右有眼白,11a2Rw.png,1200,300,300,300
11普通眼２深緑右有眼白,11a2Rw.png,1500,300,300,300
11普通眼２白右有眼白,11a2Rw.png,1800,300,300,300
11普通眼２金左黑眼白,11a2Lb.png,0,0,300,300
11普通眼２黒左黑眼白,11a2Lb.png,300,0,300,300
11普通眼２紫左黑眼白,11a2Lb.png,600,0,300,300
11普通眼２青左黑眼白,11a2Lb.png,900,0,300,300
11普通眼２銀左黑眼白,11a2Lb.png,1200,0,300,300
11普通眼２焦茶左黑眼白,11a2Lb.png,1500,0,300,300
11普通眼２棕左黑眼白,11a2Lb.png,1800,0,300,300
11普通眼２赤左黑眼白,11a2Lb.png,0,300,300,300
11普通眼２茶左黑眼白,11a2Lb.png,300,300,300,300
11普通眼２緑左黑眼白,11a2Lb.png,600,300,300,300
11普通眼２紅左黑眼白,11a2Lb.png,900,300,300,300
11普通眼２紺左黑眼白,11a2Lb.png,1200,300,300,300
11普通眼２深緑左黑眼白,11a2Lb.png,1500,300,300,300
11普通眼２白左黑眼白,11a2Lb.png,1800,300,300,300
11普通眼２金右黑眼白,11a2Rb.png,0,0,300,300
11普通眼２黒右黑眼白,11a2Rb.png,300,0,300,300
11普通眼２紫右黑眼白,11a2Rb.png,600,0,300,300
11普通眼２青右黑眼白,11a2Rb.png,900,0,300,300
11普通眼２銀右黑眼白,11a2Rb.png,1200,0,300,300
11普通眼２焦茶右黑眼白,11a2Rb.png,1500,0,300,300
11普通眼２棕右黑眼白,11a2Rb.png,1800,0,300,300
11普通眼２赤右黑眼白,11a2Rb.png,0,300,300,300
11普通眼２茶右黑眼白,11a2Rb.png,300,300,300,300
11普通眼２緑右黑眼白,11a2Rb.png,600,300,300,300
11普通眼２紅右黑眼白,11a2Rb.png,900,300,300,300
11普通眼２紺右黑眼白,11a2Rb.png,1200,300,300,300
11普通眼２深緑右黑眼白,11a2Rb.png,1500,300,300,300
11普通眼２白右黑眼白,11a2Rb.png,1800,300,300,300


11吊眼金左无眼白,11bL.png,0,0,300,300
11吊眼黒左无眼白,11bL.png,300,0,300,300
11吊眼紫左无眼白,11bL.png,600,0,300,300
11吊眼青左无眼白,11bL.png,900,0,300,300
11吊眼銀左无眼白,11bL.png,1200,0,300,300
11吊眼焦茶左无眼白,11bL.png,1500,0,300,300
11吊眼棕左无眼白,11bL.png,1800,0,300,300
11吊眼赤左无眼白,11bL.png,0,300,300,300
11吊眼茶左无眼白,11bL.png,300,300,300,300
11吊眼緑左无眼白,11bL.png,600,300,300,300
11吊眼紅左无眼白,11bL.png,900,300,300,300
11吊眼紺左无眼白,11bL.png,1200,300,300,300
11吊眼深緑左无眼白,11bL.png,1500,300,300,300
11吊眼白左无眼白,11bL.png,1800,300,300,300
11吊眼金右无眼白,11bR.png,0,0,300,300
11吊眼黒右无眼白,11bR.png,300,0,300,300
11吊眼紫右无眼白,11bR.png,600,0,300,300
11吊眼青右无眼白,11bR.png,900,0,300,300
11吊眼銀右无眼白,11bR.png,1200,0,300,300
11吊眼焦茶右无眼白,11bR.png,1500,0,300,300
11吊眼棕右无眼白,11bR.png,1800,0,300,300
11吊眼赤右无眼白,11bR.png,0,300,300,300
11吊眼茶右无眼白,11bR.png,300,300,300,300
11吊眼緑右无眼白,11bR.png,600,300,300,300
11吊眼紅右无眼白,11bR.png,900,300,300,300
11吊眼紺右无眼白,11bR.png,1200,300,300,300
11吊眼深緑右无眼白,11bR.png,1500,300,300,300
11吊眼白右无眼白,11bR.png,1800,300,300,300
11吊眼金左有眼白,11bLw.png,0,0,300,300
11吊眼黒左有眼白,11bLw.png,300,0,300,300
11吊眼紫左有眼白,11bLw.png,600,0,300,300
11吊眼青左有眼白,11bLw.png,900,0,300,300
11吊眼銀左有眼白,11bLw.png,1200,0,300,300
11吊眼焦茶左有眼白,11bLw.png,1500,0,300,300
11吊眼棕左有眼白,11bLw.png,1800,0,300,300
11吊眼赤左有眼白,11bLw.png,0,300,300,300
11吊眼茶左有眼白,11bLw.png,300,300,300,300
11吊眼緑左有眼白,11bLw.png,600,300,300,300
11吊眼紅左有眼白,11bLw.png,900,300,300,300
11吊眼紺左有眼白,11bLw.png,1200,300,300,300
11吊眼深緑左有眼白,11bLw.png,1500,300,300,300
11吊眼白左有眼白,11bLw.png,1800,300,300,300
11吊眼金右有眼白,11bRw.png,0,0,300,300
11吊眼黒右有眼白,11bRw.png,300,0,300,300
11吊眼紫右有眼白,11bRw.png,600,0,300,300
11吊眼青右有眼白,11bRw.png,900,0,300,300
11吊眼銀右有眼白,11bRw.png,1200,0,300,300
11吊眼焦茶右有眼白,11bRw.png,1500,0,300,300
11吊眼棕右有眼白,11bRw.png,1800,0,300,300
11吊眼赤右有眼白,11bRw.png,0,300,300,300
11吊眼茶右有眼白,11bRw.png,300,300,300,300
11吊眼緑右有眼白,11bRw.png,600,300,300,300
11吊眼紅右有眼白,11bRw.png,900,300,300,300
11吊眼紺右有眼白,11bRw.png,1200,300,300,300
11吊眼深緑右有眼白,11bRw.png,1500,300,300,300
11吊眼白右有眼白,11bRw.png,1800,300,300,300
11吊眼金左黑眼白,11bLb.png,0,0,300,300
11吊眼黒左黑眼白,11bLb.png,300,0,300,300
11吊眼紫左黑眼白,11bLb.png,600,0,300,300
11吊眼青左黑眼白,11bLb.png,900,0,300,300
11吊眼銀左黑眼白,11bLb.png,1200,0,300,300
11吊眼焦茶左黑眼白,11bLb.png,1500,0,300,300
11吊眼棕左黑眼白,11bLb.png,1800,0,300,300
11吊眼赤左黑眼白,11bLb.png,0,300,300,300
11吊眼茶左黑眼白,11bLb.png,300,300,300,300
11吊眼緑左黑眼白,11bLb.png,600,300,300,300
11吊眼紅左黑眼白,11bLb.png,900,300,300,300
11吊眼紺左黑眼白,11bLb.png,1200,300,300,300
11吊眼深緑左黑眼白,11bLb.png,1500,300,300,300
11吊眼白左黑眼白,11bLb.png,1800,300,300,300
11吊眼金右黑眼白,11bRb.png,0,0,300,300
11吊眼黒右黑眼白,11bRb.png,300,0,300,300
11吊眼紫右黑眼白,11bRb.png,600,0,300,300
11吊眼青右黑眼白,11bRb.png,900,0,300,300
11吊眼銀右黑眼白,11bRb.png,1200,0,300,300
11吊眼焦茶右黑眼白,11bRb.png,1500,0,300,300
11吊眼棕右黑眼白,11bRb.png,1800,0,300,300
11吊眼赤右黑眼白,11bRb.png,0,300,300,300
11吊眼茶右黑眼白,11bRb.png,300,300,300,300
11吊眼緑右黑眼白,11bRb.png,600,300,300,300
11吊眼紅右黑眼白,11bRb.png,900,300,300,300
11吊眼紺右黑眼白,11bRb.png,1200,300,300,300
11吊眼深緑右黑眼白,11bRb.png,1500,300,300,300
11吊眼白右黑眼白,11bRb.png,1800,300,300,300

11吊眼２金左无眼白,11b2L.png,0,0,300,300
11吊眼２黒左无眼白,11b2L.png,300,0,300,300
11吊眼２紫左无眼白,11b2L.png,600,0,300,300
11吊眼２青左无眼白,11b2L.png,900,0,300,300
11吊眼２銀左无眼白,11b2L.png,1200,0,300,300
11吊眼２焦茶左无眼白,11b2L.png,1500,0,300,300
11吊眼２棕左无眼白,11b2L.png,1800,0,300,300
11吊眼２赤左无眼白,11b2L.png,0,300,300,300
11吊眼２茶左无眼白,11b2L.png,300,300,300,300
11吊眼２緑左无眼白,11b2L.png,600,300,300,300
11吊眼２紅左无眼白,11b2L.png,900,300,300,300
11吊眼２紺左无眼白,11b2L.png,1200,300,300,300
11吊眼２深緑左无眼白,11b2L.png,1500,300,300,300
11吊眼２白左无眼白,11b2L.png,1800,300,300,300
11吊眼２金右无眼白,11b2R.png,0,0,300,300
11吊眼２黒右无眼白,11b2R.png,300,0,300,300
11吊眼２紫右无眼白,11b2R.png,600,0,300,300
11吊眼２青右无眼白,11b2R.png,900,0,300,300
11吊眼２銀右无眼白,11b2R.png,1200,0,300,300
11吊眼２焦茶右无眼白,11b2R.png,1500,0,300,300
11吊眼２棕右无眼白,11b2R.png,1800,0,300,300
11吊眼２赤右无眼白,11b2R.png,0,300,300,300
11吊眼２茶右无眼白,11b2R.png,300,300,300,300
11吊眼２緑右无眼白,11b2R.png,600,300,300,300
11吊眼２紅右无眼白,11b2R.png,900,300,300,300
11吊眼２紺右无眼白,11b2R.png,1200,300,300,300
11吊眼２深緑右无眼白,11b2R.png,1500,300,300,300
11吊眼２白右无眼白,11b2R.png,1800,300,300,300
11吊眼２金左有眼白,11b2Lw.png,0,0,300,300
11吊眼２黒左有眼白,11b2Lw.png,300,0,300,300
11吊眼２紫左有眼白,11b2Lw.png,600,0,300,300
11吊眼２青左有眼白,11b2Lw.png,900,0,300,300
11吊眼２銀左有眼白,11b2Lw.png,1200,0,300,300
11吊眼２焦茶左有眼白,11b2Lw.png,1500,0,300,300
11吊眼２棕左有眼白,11b2Lw.png,1800,0,300,300
11吊眼２赤左有眼白,11b2Lw.png,0,300,300,300
11吊眼２茶左有眼白,11b2Lw.png,300,300,300,300
11吊眼２緑左有眼白,11b2Lw.png,600,300,300,300
11吊眼２紅左有眼白,11b2Lw.png,900,300,300,300
11吊眼２紺左有眼白,11b2Lw.png,1200,300,300,300
11吊眼２深緑左有眼白,11b2Lw.png,1500,300,300,300
11吊眼２白左有眼白,11b2Lw.png,1800,300,300,300
11吊眼２金右有眼白,11b2Rw.png,0,0,300,300
11吊眼２黒右有眼白,11b2Rw.png,300,0,300,300
11吊眼２紫右有眼白,11b2Rw.png,600,0,300,300
11吊眼２青右有眼白,11b2Rw.png,900,0,300,300
11吊眼２銀右有眼白,11b2Rw.png,1200,0,300,300
11吊眼２焦茶右有眼白,11b2Rw.png,1500,0,300,300
11吊眼２棕右有眼白,11b2Rw.png,1800,0,300,300
11吊眼２赤右有眼白,11b2Rw.png,0,300,300,300
11吊眼２茶右有眼白,11b2Rw.png,300,300,300,300
11吊眼２緑右有眼白,11b2Rw.png,600,300,300,300
11吊眼２紅右有眼白,11b2Rw.png,900,300,300,300
11吊眼２紺右有眼白,11b2Rw.png,1200,300,300,300
11吊眼２深緑右有眼白,11b2Rw.png,1500,300,300,300
11吊眼２白右有眼白,11b2Rw.png,1800,300,300,300
11吊眼２金左黑眼白,11b2Lb.png,0,0,300,300
11吊眼２黒左黑眼白,11b2Lb.png,300,0,300,300
11吊眼２紫左黑眼白,11b2Lb.png,600,0,300,300
11吊眼２青左黑眼白,11b2Lb.png,900,0,300,300
11吊眼２銀左黑眼白,11b2Lb.png,1200,0,300,300
11吊眼２焦茶左黑眼白,11b2Lb.png,1500,0,300,300
11吊眼２棕左黑眼白,11b2Lb.png,1800,0,300,300
11吊眼２赤左黑眼白,11b2Lb.png,0,300,300,300
11吊眼２茶左黑眼白,11b2Lb.png,300,300,300,300
11吊眼２緑左黑眼白,11b2Lb.png,600,300,300,300
11吊眼２紅左黑眼白,11b2Lb.png,900,300,300,300
11吊眼２紺左黑眼白,11b2Lb.png,1200,300,300,300
11吊眼２深緑左黑眼白,11b2Lb.png,1500,300,300,300
11吊眼２白左黑眼白,11b2Lb.png,1800,300,300,300
11吊眼２金右黑眼白,11b2Rb.png,0,0,300,300
11吊眼２黒右黑眼白,11b2Rb.png,300,0,300,300
11吊眼２紫右黑眼白,11b2Rb.png,600,0,300,300
11吊眼２青右黑眼白,11b2Rb.png,900,0,300,300
11吊眼２銀右黑眼白,11b2Rb.png,1200,0,300,300
11吊眼２焦茶右黑眼白,11b2Rb.png,1500,0,300,300
11吊眼２棕右黑眼白,11b2Rb.png,1800,0,300,300
11吊眼２赤右黑眼白,11b2Rb.png,0,300,300,300
11吊眼２茶右黑眼白,11b2Rb.png,300,300,300,300
11吊眼２緑右黑眼白,11b2Rb.png,600,300,300,300
11吊眼２紅右黑眼白,11b2Rb.png,900,300,300,300
11吊眼２紺右黑眼白,11b2Rb.png,1200,300,300,300
11吊眼２深緑右黑眼白,11b2Rb.png,1500,300,300,300
11吊眼２白右黑眼白,11b2Rb.png,1800,300,300,300


11垂眼金左无眼白,11cL.png,0,0,300,300
11垂眼黒左无眼白,11cL.png,300,0,300,300
11垂眼紫左无眼白,11cL.png,600,0,300,300
11垂眼青左无眼白,11cL.png,900,0,300,300
11垂眼銀左无眼白,11cL.png,1200,0,300,300
11垂眼焦茶左无眼白,11cL.png,1500,0,300,300
11垂眼棕左无眼白,11cL.png,1800,0,300,300
11垂眼赤左无眼白,11cL.png,0,300,300,300
11垂眼茶左无眼白,11cL.png,300,300,300,300
11垂眼緑左无眼白,11cL.png,600,300,300,300
11垂眼紅左无眼白,11cL.png,900,300,300,300
11垂眼紺左无眼白,11cL.png,1200,300,300,300
11垂眼深緑左无眼白,11cL.png,1500,300,300,300
11垂眼白左无眼白,11cL.png,1800,300,300,300
11垂眼金右无眼白,11cR.png,0,0,300,300
11垂眼黒右无眼白,11cR.png,300,0,300,300
11垂眼紫右无眼白,11cR.png,600,0,300,300
11垂眼青右无眼白,11cR.png,900,0,300,300
11垂眼銀右无眼白,11cR.png,1200,0,300,300
11垂眼焦茶右无眼白,11cR.png,1500,0,300,300
11垂眼棕右无眼白,11cR.png,1800,0,300,300
11垂眼赤右无眼白,11cR.png,0,300,300,300
11垂眼茶右无眼白,11cR.png,300,300,300,300
11垂眼緑右无眼白,11cR.png,600,300,300,300
11垂眼紅右无眼白,11cR.png,900,300,300,300
11垂眼紺右无眼白,11cR.png,1200,300,300,300
11垂眼深緑右无眼白,11cR.png,1500,300,300,300
11垂眼白右无眼白,11cR.png,1800,300,300,300
11垂眼金左有眼白,11cLw.png,0,0,300,300
11垂眼黒左有眼白,11cLw.png,300,0,300,300
11垂眼紫左有眼白,11cLw.png,600,0,300,300
11垂眼青左有眼白,11cLw.png,900,0,300,300
11垂眼銀左有眼白,11cLw.png,1200,0,300,300
11垂眼焦茶左有眼白,11cLw.png,1500,0,300,300
11垂眼棕左有眼白,11cLw.png,1800,0,300,300
11垂眼赤左有眼白,11cLw.png,0,300,300,300
11垂眼茶左有眼白,11cLw.png,300,300,300,300
11垂眼緑左有眼白,11cLw.png,600,300,300,300
11垂眼紅左有眼白,11cLw.png,900,300,300,300
11垂眼紺左有眼白,11cLw.png,1200,300,300,300
11垂眼深緑左有眼白,11cLw.png,1500,300,300,300
11垂眼白左有眼白,11cLw.png,1800,300,300,300
11垂眼金右有眼白,11cRw.png,0,0,300,300
11垂眼黒右有眼白,11cRw.png,300,0,300,300
11垂眼紫右有眼白,11cRw.png,600,0,300,300
11垂眼青右有眼白,11cRw.png,900,0,300,300
11垂眼銀右有眼白,11cRw.png,1200,0,300,300
11垂眼焦茶右有眼白,11cRw.png,1500,0,300,300
11垂眼棕右有眼白,11cRw.png,1800,0,300,300
11垂眼赤右有眼白,11cRw.png,0,300,300,300
11垂眼茶右有眼白,11cRw.png,300,300,300,300
11垂眼緑右有眼白,11cRw.png,600,300,300,300
11垂眼紅右有眼白,11cRw.png,900,300,300,300
11垂眼紺右有眼白,11cRw.png,1200,300,300,300
11垂眼深緑右有眼白,11cRw.png,1500,300,300,300
11垂眼白右有眼白,11cRw.png,1800,300,300,300
11垂眼金左黑眼白,11cLb.png,0,0,300,300
11垂眼黒左黑眼白,11cLb.png,300,0,300,300
11垂眼紫左黑眼白,11cLb.png,600,0,300,300
11垂眼青左黑眼白,11cLb.png,900,0,300,300
11垂眼銀左黑眼白,11cLb.png,1200,0,300,300
11垂眼焦茶左黑眼白,11cLb.png,1500,0,300,300
11垂眼棕左黑眼白,11cLb.png,1800,0,300,300
11垂眼赤左黑眼白,11cLb.png,0,300,300,300
11垂眼茶左黑眼白,11cLb.png,300,300,300,300
11垂眼緑左黑眼白,11cLb.png,600,300,300,300
11垂眼紅左黑眼白,11cLb.png,900,300,300,300
11垂眼紺左黑眼白,11cLb.png,1200,300,300,300
11垂眼深緑左黑眼白,11cLb.png,1500,300,300,300
11垂眼白左黑眼白,11cLb.png,1800,300,300,300
11垂眼金右黑眼白,11cRb.png,0,0,300,300
11垂眼黒右黑眼白,11cRb.png,300,0,300,300
11垂眼紫右黑眼白,11cRb.png,600,0,300,300
11垂眼青右黑眼白,11cRb.png,900,0,300,300
11垂眼銀右黑眼白,11cRb.png,1200,0,300,300
11垂眼焦茶右黑眼白,11cRb.png,1500,0,300,300
11垂眼棕右黑眼白,11cRb.png,1800,0,300,300
11垂眼赤右黑眼白,11cRb.png,0,300,300,300
11垂眼茶右黑眼白,11cRb.png,300,300,300,300
11垂眼緑右黑眼白,11cRb.png,600,300,300,300
11垂眼紅右黑眼白,11cRb.png,900,300,300,300
11垂眼紺右黑眼白,11cRb.png,1200,300,300,300
11垂眼深緑右黑眼白,11cRb.png,1500,300,300,300
11垂眼白右黑眼白,11cRb.png,1800,300,300,300

11垂眼２金左无眼白,11c2L.png,0,0,300,300
11垂眼２黒左无眼白,11c2L.png,300,0,300,300
11垂眼２紫左无眼白,11c2L.png,600,0,300,300
11垂眼２青左无眼白,11c2L.png,900,0,300,300
11垂眼２銀左无眼白,11c2L.png,1200,0,300,300
11垂眼２焦茶左无眼白,11c2L.png,1500,0,300,300
11垂眼２棕左无眼白,11c2L.png,1800,0,300,300
11垂眼２赤左无眼白,11c2L.png,0,300,300,300
11垂眼２茶左无眼白,11c2L.png,300,300,300,300
11垂眼２緑左无眼白,11c2L.png,600,300,300,300
11垂眼２紅左无眼白,11c2L.png,900,300,300,300
11垂眼２紺左无眼白,11c2L.png,1200,300,300,300
11垂眼２深緑左无眼白,11c2L.png,1500,300,300,300
11垂眼２白左无眼白,11c2L.png,1800,300,300,300
11垂眼２金右无眼白,11c2R.png,0,0,300,300
11垂眼２黒右无眼白,11c2R.png,300,0,300,300
11垂眼２紫右无眼白,11c2R.png,600,0,300,300
11垂眼２青右无眼白,11c2R.png,900,0,300,300
11垂眼２銀右无眼白,11c2R.png,1200,0,300,300
11垂眼２焦茶右无眼白,11c2R.png,1500,0,300,300
11垂眼２棕右无眼白,11c2R.png,1800,0,300,300
11垂眼２赤右无眼白,11c2R.png,0,300,300,300
11垂眼２茶右无眼白,11c2R.png,300,300,300,300
11垂眼２緑右无眼白,11c2R.png,600,300,300,300
11垂眼２紅右无眼白,11c2R.png,900,300,300,300
11垂眼２紺右无眼白,11c2R.png,1200,300,300,300
11垂眼２深緑右无眼白,11c2R.png,1500,300,300,300
11垂眼２白右无眼白,11c2R.png,1800,300,300,300
11垂眼２金左有眼白,11c2Lw.png,0,0,300,300
11垂眼２黒左有眼白,11c2Lw.png,300,0,300,300
11垂眼２紫左有眼白,11c2Lw.png,600,0,300,300
11垂眼２青左有眼白,11c2Lw.png,900,0,300,300
11垂眼２銀左有眼白,11c2Lw.png,1200,0,300,300
11垂眼２焦茶左有眼白,11c2Lw.png,1500,0,300,300
11垂眼２棕左有眼白,11c2Lw.png,1800,0,300,300
11垂眼２赤左有眼白,11c2Lw.png,0,300,300,300
11垂眼２茶左有眼白,11c2Lw.png,300,300,300,300
11垂眼２緑左有眼白,11c2Lw.png,600,300,300,300
11垂眼２紅左有眼白,11c2Lw.png,900,300,300,300
11垂眼２紺左有眼白,11c2Lw.png,1200,300,300,300
11垂眼２深緑左有眼白,11c2Lw.png,1500,300,300,300
11垂眼２白左有眼白,11c2Lw.png,1800,300,300,300
11垂眼２金右有眼白,11c2Rw.png,0,0,300,300
11垂眼２黒右有眼白,11c2Rw.png,300,0,300,300
11垂眼２紫右有眼白,11c2Rw.png,600,0,300,300
11垂眼２青右有眼白,11c2Rw.png,900,0,300,300
11垂眼２銀右有眼白,11c2Rw.png,1200,0,300,300
11垂眼２焦茶右有眼白,11c2Rw.png,1500,0,300,300
11垂眼２棕右有眼白,11c2Rw.png,1800,0,300,300
11垂眼２赤右有眼白,11c2Rw.png,0,300,300,300
11垂眼２茶右有眼白,11c2Rw.png,300,300,300,300
11垂眼２緑右有眼白,11c2Rw.png,600,300,300,300
11垂眼２紅右有眼白,11c2Rw.png,900,300,300,300
11垂眼２紺右有眼白,11c2Rw.png,1200,300,300,300
11垂眼２深緑右有眼白,11c2Rw.png,1500,300,300,300
11垂眼２白右有眼白,11c2Rw.png,1800,300,300,300
11垂眼２金左黑眼白,11c2Lb.png,0,0,300,300
11垂眼２黒左黑眼白,11c2Lb.png,300,0,300,300
11垂眼２紫左黑眼白,11c2Lb.png,600,0,300,300
11垂眼２青左黑眼白,11c2Lb.png,900,0,300,300
11垂眼２銀左黑眼白,11c2Lb.png,1200,0,300,300
11垂眼２焦茶左黑眼白,11c2Lb.png,1500,0,300,300
11垂眼２棕左黑眼白,11c2Lb.png,1800,0,300,300
11垂眼２赤左黑眼白,11c2Lb.png,0,300,300,300
11垂眼２茶左黑眼白,11c2Lb.png,300,300,300,300
11垂眼２緑左黑眼白,11c2Lb.png,600,300,300,300
11垂眼２紅左黑眼白,11c2Lb.png,900,300,300,300
11垂眼２紺左黑眼白,11c2Lb.png,1200,300,300,300
11垂眼２深緑左黑眼白,11c2Lb.png,1500,300,300,300
11垂眼２白左黑眼白,11c2Lb.png,1800,300,300,300
11垂眼２金右黑眼白,11c2Rb.png,0,0,300,300
11垂眼２黒右黑眼白,11c2Rb.png,300,0,300,300
11垂眼２紫右黑眼白,11c2Rb.png,600,0,300,300
11垂眼２青右黑眼白,11c2Rb.png,900,0,300,300
11垂眼２銀右黑眼白,11c2Rb.png,1200,0,300,300
11垂眼２焦茶右黑眼白,11c2Rb.png,1500,0,300,300
11垂眼２棕右黑眼白,11c2Rb.png,1800,0,300,300
11垂眼２赤右黑眼白,11c2Rb.png,0,300,300,300
11垂眼２茶右黑眼白,11c2Rb.png,300,300,300,300
11垂眼２緑右黑眼白,11c2Rb.png,600,300,300,300
11垂眼２紅右黑眼白,11c2Rb.png,900,300,300,300
11垂眼２紺右黑眼白,11c2Rb.png,1200,300,300,300
11垂眼２深緑右黑眼白,11c2Rb.png,1500,300,300,300
11垂眼２白右黑眼白,11c2Rb.png,1800,300,300,300


11斜眼金左无眼白,11dL.png,0,0,300,300
11斜眼黒左无眼白,11dL.png,300,0,300,300
11斜眼紫左无眼白,11dL.png,600,0,300,300
11斜眼青左无眼白,11dL.png,900,0,300,300
11斜眼銀左无眼白,11dL.png,1200,0,300,300
11斜眼焦茶左无眼白,11dL.png,1500,0,300,300
11斜眼棕左无眼白,11dL.png,1800,0,300,300
11斜眼赤左无眼白,11dL.png,0,300,300,300
11斜眼茶左无眼白,11dL.png,300,300,300,300
11斜眼緑左无眼白,11dL.png,600,300,300,300
11斜眼紅左无眼白,11dL.png,900,300,300,300
11斜眼紺左无眼白,11dL.png,1200,300,300,300
11斜眼深緑左无眼白,11dL.png,1500,300,300,300
11斜眼白左无眼白,11dL.png,1800,300,300,300
11斜眼金右无眼白,11dR.png,0,0,300,300
11斜眼黒右无眼白,11dR.png,300,0,300,300
11斜眼紫右无眼白,11dR.png,600,0,300,300
11斜眼青右无眼白,11dR.png,900,0,300,300
11斜眼銀右无眼白,11dR.png,1200,0,300,300
11斜眼焦茶右无眼白,11dR.png,1500,0,300,300
11斜眼棕右无眼白,11dR.png,1800,0,300,300
11斜眼赤右无眼白,11dR.png,0,300,300,300
11斜眼茶右无眼白,11dR.png,300,300,300,300
11斜眼緑右无眼白,11dR.png,600,300,300,300
11斜眼紅右无眼白,11dR.png,900,300,300,300
11斜眼紺右无眼白,11dR.png,1200,300,300,300
11斜眼深緑右无眼白,11dR.png,1500,300,300,300
11斜眼白右无眼白,11dR.png,1800,300,300,300
11斜眼金左有眼白,11dLw.png,0,0,300,300
11斜眼黒左有眼白,11dLw.png,300,0,300,300
11斜眼紫左有眼白,11dLw.png,600,0,300,300
11斜眼青左有眼白,11dLw.png,900,0,300,300
11斜眼銀左有眼白,11dLw.png,1200,0,300,300
11斜眼焦茶左有眼白,11dLw.png,1500,0,300,300
11斜眼棕左有眼白,11dLw.png,1800,0,300,300
11斜眼赤左有眼白,11dLw.png,0,300,300,300
11斜眼茶左有眼白,11dLw.png,300,300,300,300
11斜眼緑左有眼白,11dLw.png,600,300,300,300
11斜眼紅左有眼白,11dLw.png,900,300,300,300
11斜眼紺左有眼白,11dLw.png,1200,300,300,300
11斜眼深緑左有眼白,11dLw.png,1500,300,300,300
11斜眼白左有眼白,11dLw.png,1800,300,300,300
11斜眼金右有眼白,11dRw.png,0,0,300,300
11斜眼黒右有眼白,11dRw.png,300,0,300,300
11斜眼紫右有眼白,11dRw.png,600,0,300,300
11斜眼青右有眼白,11dRw.png,900,0,300,300
11斜眼銀右有眼白,11dRw.png,1200,0,300,300
11斜眼焦茶右有眼白,11dRw.png,1500,0,300,300
11斜眼棕右有眼白,11dRw.png,1800,0,300,300
11斜眼赤右有眼白,11dRw.png,0,300,300,300
11斜眼茶右有眼白,11dRw.png,300,300,300,300
11斜眼緑右有眼白,11dRw.png,600,300,300,300
11斜眼紅右有眼白,11dRw.png,900,300,300,300
11斜眼紺右有眼白,11dRw.png,1200,300,300,300
11斜眼深緑右有眼白,11dRw.png,1500,300,300,300
11斜眼白右有眼白,11dRw.png,1800,300,300,300
11斜眼金左黑眼白,11dLb.png,0,0,300,300
11斜眼黒左黑眼白,11dLb.png,300,0,300,300
11斜眼紫左黑眼白,11dLb.png,600,0,300,300
11斜眼青左黑眼白,11dLb.png,900,0,300,300
11斜眼銀左黑眼白,11dLb.png,1200,0,300,300
11斜眼焦茶左黑眼白,11dLb.png,1500,0,300,300
11斜眼棕左黑眼白,11dLb.png,1800,0,300,300
11斜眼赤左黑眼白,11dLb.png,0,300,300,300
11斜眼茶左黑眼白,11dLb.png,300,300,300,300
11斜眼緑左黑眼白,11dLb.png,600,300,300,300
11斜眼紅左黑眼白,11dLb.png,900,300,300,300
11斜眼紺左黑眼白,11dLb.png,1200,300,300,300
11斜眼深緑左黑眼白,11dLb.png,1500,300,300,300
11斜眼白左黑眼白,11dLb.png,1800,300,300,300
11斜眼金右黑眼白,11dRb.png,0,0,300,300
11斜眼黒右黑眼白,11dRb.png,300,0,300,300
11斜眼紫右黑眼白,11dRb.png,600,0,300,300
11斜眼青右黑眼白,11dRb.png,900,0,300,300
11斜眼銀右黑眼白,11dRb.png,1200,0,300,300
11斜眼焦茶右黑眼白,11dRb.png,1500,0,300,300
11斜眼棕右黑眼白,11dRb.png,1800,0,300,300
11斜眼赤右黑眼白,11dRb.png,0,300,300,300
11斜眼茶右黑眼白,11dRb.png,300,300,300,300
11斜眼緑右黑眼白,11dRb.png,600,300,300,300
11斜眼紅右黑眼白,11dRb.png,900,300,300,300
11斜眼紺右黑眼白,11dRb.png,1200,300,300,300
11斜眼深緑右黑眼白,11dRb.png,1500,300,300,300
11斜眼白右黑眼白,11dRb.png,1800,300,300,300

11斜眼２金左无眼白,11d2L.png,0,0,300,300
11斜眼２黒左无眼白,11d2L.png,300,0,300,300
11斜眼２紫左无眼白,11d2L.png,600,0,300,300
11斜眼２青左无眼白,11d2L.png,900,0,300,300
11斜眼２銀左无眼白,11d2L.png,1200,0,300,300
11斜眼２焦茶左无眼白,11d2L.png,1500,0,300,300
11斜眼２棕左无眼白,11d2L.png,1800,0,300,300
11斜眼２赤左无眼白,11d2L.png,0,300,300,300
11斜眼２茶左无眼白,11d2L.png,300,300,300,300
11斜眼２緑左无眼白,11d2L.png,600,300,300,300
11斜眼２紅左无眼白,11d2L.png,900,300,300,300
11斜眼２紺左无眼白,11d2L.png,1200,300,300,300
11斜眼２深緑左无眼白,11d2L.png,1500,300,300,300
11斜眼２白左无眼白,11d2L.png,1800,300,300,300
11斜眼２金右无眼白,11d2R.png,0,0,300,300
11斜眼２黒右无眼白,11d2R.png,300,0,300,300
11斜眼２紫右无眼白,11d2R.png,600,0,300,300
11斜眼２青右无眼白,11d2R.png,900,0,300,300
11斜眼２銀右无眼白,11d2R.png,1200,0,300,300
11斜眼２焦茶右无眼白,11d2R.png,1500,0,300,300
11斜眼２棕右无眼白,11d2R.png,1800,0,300,300
11斜眼２赤右无眼白,11d2R.png,0,300,300,300
11斜眼２茶右无眼白,11d2R.png,300,300,300,300
11斜眼２緑右无眼白,11d2R.png,600,300,300,300
11斜眼２紅右无眼白,11d2R.png,900,300,300,300
11斜眼２紺右无眼白,11d2R.png,1200,300,300,300
11斜眼２深緑右无眼白,11d2R.png,1500,300,300,300
11斜眼２白右无眼白,11d2R.png,1800,300,300,300
11斜眼２金左有眼白,11d2Lw.png,0,0,300,300
11斜眼２黒左有眼白,11d2Lw.png,300,0,300,300
11斜眼２紫左有眼白,11d2Lw.png,600,0,300,300
11斜眼２青左有眼白,11d2Lw.png,900,0,300,300
11斜眼２銀左有眼白,11d2Lw.png,1200,0,300,300
11斜眼２焦茶左有眼白,11d2Lw.png,1500,0,300,300
11斜眼２棕左有眼白,11d2Lw.png,1800,0,300,300
11斜眼２赤左有眼白,11d2Lw.png,0,300,300,300
11斜眼２茶左有眼白,11d2Lw.png,300,300,300,300
11斜眼２緑左有眼白,11d2Lw.png,600,300,300,300
11斜眼２紅左有眼白,11d2Lw.png,900,300,300,300
11斜眼２紺左有眼白,11d2Lw.png,1200,300,300,300
11斜眼２深緑左有眼白,11d2Lw.png,1500,300,300,300
11斜眼２白左有眼白,11d2Lw.png,1800,300,300,300
11斜眼２金右有眼白,11d2Rw.png,0,0,300,300
11斜眼２黒右有眼白,11d2Rw.png,300,0,300,300
11斜眼２紫右有眼白,11d2Rw.png,600,0,300,300
11斜眼２青右有眼白,11d2Rw.png,900,0,300,300
11斜眼２銀右有眼白,11d2Rw.png,1200,0,300,300
11斜眼２焦茶右有眼白,11d2Rw.png,1500,0,300,300
11斜眼２棕右有眼白,11d2Rw.png,1800,0,300,300
11斜眼２赤右有眼白,11d2Rw.png,0,300,300,300
11斜眼２茶右有眼白,11d2Rw.png,300,300,300,300
11斜眼２緑右有眼白,11d2Rw.png,600,300,300,300
11斜眼２紅右有眼白,11d2Rw.png,900,300,300,300
11斜眼２紺右有眼白,11d2Rw.png,1200,300,300,300
11斜眼２深緑右有眼白,11d2Rw.png,1500,300,300,300
11斜眼２白右有眼白,11d2Rw.png,1800,300,300,300
11斜眼２金左黑眼白,11d2Lb.png,0,0,300,300
11斜眼２黒左黑眼白,11d2Lb.png,300,0,300,300
11斜眼２紫左黑眼白,11d2Lb.png,600,0,300,300
11斜眼２青左黑眼白,11d2Lb.png,900,0,300,300
11斜眼２銀左黑眼白,11d2Lb.png,1200,0,300,300
11斜眼２焦茶左黑眼白,11d2Lb.png,1500,0,300,300
11斜眼２棕左黑眼白,11d2Lb.png,1800,0,300,300
11斜眼２赤左黑眼白,11d2Lb.png,0,300,300,300
11斜眼２茶左黑眼白,11d2Lb.png,300,300,300,300
11斜眼２緑左黑眼白,11d2Lb.png,600,300,300,300
11斜眼２紅左黑眼白,11d2Lb.png,900,300,300,300
11斜眼２紺左黑眼白,11d2Lb.png,1200,300,300,300
11斜眼２深緑左黑眼白,11d2Lb.png,1500,300,300,300
11斜眼２白左黑眼白,11d2Lb.png,1800,300,300,300
11斜眼２金右黑眼白,11d2Rb.png,0,0,300,300
11斜眼２黒右黑眼白,11d2Rb.png,300,0,300,300
11斜眼２紫右黑眼白,11d2Rb.png,600,0,300,300
11斜眼２青右黑眼白,11d2Rb.png,900,0,300,300
11斜眼２銀右黑眼白,11d2Rb.png,1200,0,300,300
11斜眼２焦茶右黑眼白,11d2Rb.png,1500,0,300,300
11斜眼２棕右黑眼白,11d2Rb.png,1800,0,300,300
11斜眼２赤右黑眼白,11d2Rb.png,0,300,300,300
11斜眼２茶右黑眼白,11d2Rb.png,300,300,300,300
11斜眼２緑右黑眼白,11d2Rb.png,600,300,300,300
11斜眼２紅右黑眼白,11d2Rb.png,900,300,300,300
11斜眼２紺右黑眼白,11d2Rb.png,1200,300,300,300
11斜眼２深緑右黑眼白,11d2Rb.png,1500,300,300,300
11斜眼２白右黑眼白,11d2Rb.png,1800,300,300,300

11重度三白眼金左无眼白,11hL.png,0,0,300,300
11重度三白眼黒左无眼白,11hL.png,300,0,300,300
11重度三白眼紫左无眼白,11hL.png,600,0,300,300
11重度三白眼青左无眼白,11hL.png,900,0,300,300
11重度三白眼銀左无眼白,11hL.png,1200,0,300,300
11重度三白眼焦茶左无眼白,11hL.png,1500,0,300,300
11重度三白眼棕左无眼白,11hL.png,1800,0,300,300
11重度三白眼赤左无眼白,11hL.png,0,300,300,300
11重度三白眼茶左无眼白,11hL.png,300,300,300,300
11重度三白眼緑左无眼白,11hL.png,600,300,300,300
11重度三白眼紅左无眼白,11hL.png,900,300,300,300
11重度三白眼紺左无眼白,11hL.png,1200,300,300,300
11重度三白眼深緑左无眼白,11hL.png,1500,300,300,300
11重度三白眼白左无眼白,11hL.png,1800,300,300,300
11重度三白眼金右无眼白,11hR.png,0,0,300,300
11重度三白眼黒右无眼白,11hR.png,300,0,300,300
11重度三白眼紫右无眼白,11hR.png,600,0,300,300
11重度三白眼青右无眼白,11hR.png,900,0,300,300
11重度三白眼銀右无眼白,11hR.png,1200,0,300,300
11重度三白眼焦茶右无眼白,11hR.png,1500,0,300,300
11重度三白眼棕右无眼白,11hR.png,1800,0,300,300
11重度三白眼赤右无眼白,11hR.png,0,300,300,300
11重度三白眼茶右无眼白,11hR.png,300,300,300,300
11重度三白眼緑右无眼白,11hR.png,600,300,300,300
11重度三白眼紅右无眼白,11hR.png,900,300,300,300
11重度三白眼紺右无眼白,11hR.png,1200,300,300,300
11重度三白眼深緑右无眼白,11hR.png,1500,300,300,300
11重度三白眼白右无眼白,11hR.png,1800,300,300,300
11重度三白眼金左有眼白,11hLw.png,0,0,300,300
11重度三白眼黒左有眼白,11hLw.png,300,0,300,300
11重度三白眼紫左有眼白,11hLw.png,600,0,300,300
11重度三白眼青左有眼白,11hLw.png,900,0,300,300
11重度三白眼銀左有眼白,11hLw.png,1200,0,300,300
11重度三白眼焦茶左有眼白,11hLw.png,1500,0,300,300
11重度三白眼棕左有眼白,11hLw.png,1800,0,300,300
11重度三白眼赤左有眼白,11hLw.png,0,300,300,300
11重度三白眼茶左有眼白,11hLw.png,300,300,300,300
11重度三白眼緑左有眼白,11hLw.png,600,300,300,300
11重度三白眼紅左有眼白,11hLw.png,900,300,300,300
11重度三白眼紺左有眼白,11hLw.png,1200,300,300,300
11重度三白眼深緑左有眼白,11hLw.png,1500,300,300,300
11重度三白眼白左有眼白,11hLw.png,1800,300,300,300
11重度三白眼金右有眼白,11hRw.png,0,0,300,300
11重度三白眼黒右有眼白,11hRw.png,300,0,300,300
11重度三白眼紫右有眼白,11hRw.png,600,0,300,300
11重度三白眼青右有眼白,11hRw.png,900,0,300,300
11重度三白眼銀右有眼白,11hRw.png,1200,0,300,300
11重度三白眼焦茶右有眼白,11hRw.png,1500,0,300,300
11重度三白眼棕右有眼白,11hRw.png,1800,0,300,300
11重度三白眼赤右有眼白,11hRw.png,0,300,300,300
11重度三白眼茶右有眼白,11hRw.png,300,300,300,300
11重度三白眼緑右有眼白,11hRw.png,600,300,300,300
11重度三白眼紅右有眼白,11hRw.png,900,300,300,300
11重度三白眼紺右有眼白,11hRw.png,1200,300,300,300
11重度三白眼深緑右有眼白,11hRw.png,1500,300,300,300
11重度三白眼白右有眼白,11hRw.png,1800,300,300,300
11重度三白眼金左黑眼白,11hLb.png,0,0,300,300
11重度三白眼黒左黑眼白,11hLb.png,300,0,300,300
11重度三白眼紫左黑眼白,11hLb.png,600,0,300,300
11重度三白眼青左黑眼白,11hLb.png,900,0,300,300
11重度三白眼銀左黑眼白,11hLb.png,1200,0,300,300
11重度三白眼焦茶左黑眼白,11hLb.png,1500,0,300,300
11重度三白眼棕左黑眼白,11hLb.png,1800,0,300,300
11重度三白眼赤左黑眼白,11hLb.png,0,300,300,300
11重度三白眼茶左黑眼白,11hLb.png,300,300,300,300
11重度三白眼緑左黑眼白,11hLb.png,600,300,300,300
11重度三白眼紅左黑眼白,11hLb.png,900,300,300,300
11重度三白眼紺左黑眼白,11hLb.png,1200,300,300,300
11重度三白眼深緑左黑眼白,11hLb.png,1500,300,300,300
11重度三白眼白左黑眼白,11hLb.png,1800,300,300,300
11重度三白眼金右黑眼白,11hRb.png,0,0,300,300
11重度三白眼黒右黑眼白,11hRb.png,300,0,300,300
11重度三白眼紫右黑眼白,11hRb.png,600,0,300,300
11重度三白眼青右黑眼白,11hRb.png,900,0,300,300
11重度三白眼銀右黑眼白,11hRb.png,1200,0,300,300
11重度三白眼焦茶右黑眼白,11hRb.png,1500,0,300,300
11重度三白眼棕右黑眼白,11hRb.png,1800,0,300,300
11重度三白眼赤右黑眼白,11hRb.png,0,300,300,300
11重度三白眼茶右黑眼白,11hRb.png,300,300,300,300
11重度三白眼緑右黑眼白,11hRb.png,600,300,300,300
11重度三白眼紅右黑眼白,11hRb.png,900,300,300,300
11重度三白眼紺右黑眼白,11hRb.png,1200,300,300,300
11重度三白眼深緑右黑眼白,11hRb.png,1500,300,300,300
11重度三白眼白右黑眼白,11hRb.png,1800,300,300,300


11水灵眼金左无眼白,11eL.png,0,0,300,300
11水灵眼黒左无眼白,11eL.png,300,0,300,300
11水灵眼紫左无眼白,11eL.png,600,0,300,300
11水灵眼青左无眼白,11eL.png,900,0,300,300
11水灵眼銀左无眼白,11eL.png,1200,0,300,300
11水灵眼焦茶左无眼白,11eL.png,1500,0,300,300
11水灵眼棕左无眼白,11eL.png,1800,0,300,300
11水灵眼赤左无眼白,11eL.png,0,300,300,300
11水灵眼茶左无眼白,11eL.png,300,300,300,300
11水灵眼緑左无眼白,11eL.png,600,300,300,300
11水灵眼紅左无眼白,11eL.png,900,300,300,300
11水灵眼紺左无眼白,11eL.png,1200,300,300,300
11水灵眼深緑左无眼白,11eL.png,1500,300,300,300
11水灵眼白左无眼白,11eL.png,1800,300,300,300
11水灵眼金右无眼白,11eR.png,0,0,300,300
11水灵眼黒右无眼白,11eR.png,300,0,300,300
11水灵眼紫右无眼白,11eR.png,600,0,300,300
11水灵眼青右无眼白,11eR.png,900,0,300,300
11水灵眼銀右无眼白,11eR.png,1200,0,300,300
11水灵眼焦茶右无眼白,11eR.png,1500,0,300,300
11水灵眼棕右无眼白,11eR.png,1800,0,300,300
11水灵眼赤右无眼白,11eR.png,0,300,300,300
11水灵眼茶右无眼白,11eR.png,300,300,300,300
11水灵眼緑右无眼白,11eR.png,600,300,300,300
11水灵眼紅右无眼白,11eR.png,900,300,300,300
11水灵眼紺右无眼白,11eR.png,1200,300,300,300
11水灵眼深緑右无眼白,11eR.png,1500,300,300,300
11水灵眼白右无眼白,11eR.png,1800,300,300,300
11水灵眼金左有眼白,11eLw.png,0,0,300,300
11水灵眼黒左有眼白,11eLw.png,300,0,300,300
11水灵眼紫左有眼白,11eLw.png,600,0,300,300
11水灵眼青左有眼白,11eLw.png,900,0,300,300
11水灵眼銀左有眼白,11eLw.png,1200,0,300,300
11水灵眼焦茶左有眼白,11eLw.png,1500,0,300,300
11水灵眼棕左有眼白,11eLw.png,1800,0,300,300
11水灵眼赤左有眼白,11eLw.png,0,300,300,300
11水灵眼茶左有眼白,11eLw.png,300,300,300,300
11水灵眼緑左有眼白,11eLw.png,600,300,300,300
11水灵眼紅左有眼白,11eLw.png,900,300,300,300
11水灵眼紺左有眼白,11eLw.png,1200,300,300,300
11水灵眼深緑左有眼白,11eLw.png,1500,300,300,300
11水灵眼白左有眼白,11eLw.png,1800,300,300,300
11水灵眼金右有眼白,11eRw.png,0,0,300,300
11水灵眼黒右有眼白,11eRw.png,300,0,300,300
11水灵眼紫右有眼白,11eRw.png,600,0,300,300
11水灵眼青右有眼白,11eRw.png,900,0,300,300
11水灵眼銀右有眼白,11eRw.png,1200,0,300,300
11水灵眼焦茶右有眼白,11eRw.png,1500,0,300,300
11水灵眼棕右有眼白,11eRw.png,1800,0,300,300
11水灵眼赤右有眼白,11eRw.png,0,300,300,300
11水灵眼茶右有眼白,11eRw.png,300,300,300,300
11水灵眼緑右有眼白,11eRw.png,600,300,300,300
11水灵眼紅右有眼白,11eRw.png,900,300,300,300
11水灵眼紺右有眼白,11eRw.png,1200,300,300,300
11水灵眼深緑右有眼白,11eRw.png,1500,300,300,300
11水灵眼白右有眼白,11eRw.png,1800,300,300,300
11水灵眼金左黑眼白,11eLb.png,0,0,300,300
11水灵眼黒左黑眼白,11eLb.png,300,0,300,300
11水灵眼紫左黑眼白,11eLb.png,600,0,300,300
11水灵眼青左黑眼白,11eLb.png,900,0,300,300
11水灵眼銀左黑眼白,11eLb.png,1200,0,300,300
11水灵眼焦茶左黑眼白,11eLb.png,1500,0,300,300
11水灵眼棕左黑眼白,11eLb.png,1800,0,300,300
11水灵眼赤左黑眼白,11eLb.png,0,300,300,300
11水灵眼茶左黑眼白,11eLb.png,300,300,300,300
11水灵眼緑左黑眼白,11eLb.png,600,300,300,300
11水灵眼紅左黑眼白,11eLb.png,900,300,300,300
11水灵眼紺左黑眼白,11eLb.png,1200,300,300,300
11水灵眼深緑左黑眼白,11eLb.png,1500,300,300,300
11水灵眼白左黑眼白,11eLb.png,1800,300,300,300
11水灵眼金右黑眼白,11eRb.png,0,0,300,300
11水灵眼黒右黑眼白,11eRb.png,300,0,300,300
11水灵眼紫右黑眼白,11eRb.png,600,0,300,300
11水灵眼青右黑眼白,11eRb.png,900,0,300,300
11水灵眼銀右黑眼白,11eRb.png,1200,0,300,300
11水灵眼焦茶右黑眼白,11eRb.png,1500,0,300,300
11水灵眼棕右黑眼白,11eRb.png,1800,0,300,300
11水灵眼赤右黑眼白,11eRb.png,0,300,300,300
11水灵眼茶右黑眼白,11eRb.png,300,300,300,300
11水灵眼緑右黑眼白,11eRb.png,600,300,300,300
11水灵眼紅右黑眼白,11eRb.png,900,300,300,300
11水灵眼紺右黑眼白,11eRb.png,1200,300,300,300
11水灵眼深緑右黑眼白,11eRb.png,1500,300,300,300
11水灵眼白右黑眼白,11eRb.png,1800,300,300,300


11縦長目金左无眼白,11fL.png,0,0,300,300
11縦長目黒左无眼白,11fL.png,300,0,300,300
11縦長目紫左无眼白,11fL.png,600,0,300,300
11縦長目青左无眼白,11fL.png,900,0,300,300
11縦長目銀左无眼白,11fL.png,1200,0,300,300
11縦長目焦茶左无眼白,11fL.png,1500,0,300,300
11縦長目棕左无眼白,11fL.png,1800,0,300,300
11縦長目赤左无眼白,11fL.png,0,300,300,300
11縦長目茶左无眼白,11fL.png,300,300,300,300
11縦長目緑左无眼白,11fL.png,600,300,300,300
11縦長目紅左无眼白,11fL.png,900,300,300,300
11縦長目紺左无眼白,11fL.png,1200,300,300,300
11縦長目深緑左无眼白,11fL.png,1500,300,300,300
11縦長目白左无眼白,11fL.png,1800,300,300,300
11縦長目金右无眼白,11fR.png,0,0,300,300
11縦長目黒右无眼白,11fR.png,300,0,300,300
11縦長目紫右无眼白,11fR.png,600,0,300,300
11縦長目青右无眼白,11fR.png,900,0,300,300
11縦長目銀右无眼白,11fR.png,1200,0,300,300
11縦長目焦茶右无眼白,11fR.png,1500,0,300,300
11縦長目棕右无眼白,11fR.png,1800,0,300,300
11縦長目赤右无眼白,11fR.png,0,300,300,300
11縦長目茶右无眼白,11fR.png,300,300,300,300
11縦長目緑右无眼白,11fR.png,600,300,300,300
11縦長目紅右无眼白,11fR.png,900,300,300,300
11縦長目紺右无眼白,11fR.png,1200,300,300,300
11縦長目深緑右无眼白,11fR.png,1500,300,300,300
11縦長目白右无眼白,11fR.png,1800,300,300,300
11縦長目金左有眼白,11fLw.png,0,0,300,300
11縦長目黒左有眼白,11fLw.png,300,0,300,300
11縦長目紫左有眼白,11fLw.png,600,0,300,300
11縦長目青左有眼白,11fLw.png,900,0,300,300
11縦長目銀左有眼白,11fLw.png,1200,0,300,300
11縦長目焦茶左有眼白,11fLw.png,1500,0,300,300
11縦長目棕左有眼白,11fLw.png,1800,0,300,300
11縦長目赤左有眼白,11fLw.png,0,300,300,300
11縦長目茶左有眼白,11fLw.png,300,300,300,300
11縦長目緑左有眼白,11fLw.png,600,300,300,300
11縦長目紅左有眼白,11fLw.png,900,300,300,300
11縦長目紺左有眼白,11fLw.png,1200,300,300,300
11縦長目深緑左有眼白,11fLw.png,1500,300,300,300
11縦長目白左有眼白,11fLw.png,1800,300,300,300
11縦長目金右有眼白,11fRw.png,0,0,300,300
11縦長目黒右有眼白,11fRw.png,300,0,300,300
11縦長目紫右有眼白,11fRw.png,600,0,300,300
11縦長目青右有眼白,11fRw.png,900,0,300,300
11縦長目銀右有眼白,11fRw.png,1200,0,300,300
11縦長目焦茶右有眼白,11fRw.png,1500,0,300,300
11縦長目棕右有眼白,11fRw.png,1800,0,300,300
11縦長目赤右有眼白,11fRw.png,0,300,300,300
11縦長目茶右有眼白,11fRw.png,300,300,300,300
11縦長目緑右有眼白,11fRw.png,600,300,300,300
11縦長目紅右有眼白,11fRw.png,900,300,300,300
11縦長目紺右有眼白,11fRw.png,1200,300,300,300
11縦長目深緑右有眼白,11fRw.png,1500,300,300,300
11縦長目白右有眼白,11fRw.png,1800,300,300,300
11縦長目金左黑眼白,11fLb.png,0,0,300,300
11縦長目黒左黑眼白,11fLb.png,300,0,300,300
11縦長目紫左黑眼白,11fLb.png,600,0,300,300
11縦長目青左黑眼白,11fLb.png,900,0,300,300
11縦長目銀左黑眼白,11fLb.png,1200,0,300,300
11縦長目焦茶左黑眼白,11fLb.png,1500,0,300,300
11縦長目棕左黑眼白,11fLb.png,1800,0,300,300
11縦長目赤左黑眼白,11fLb.png,0,300,300,300
11縦長目茶左黑眼白,11fLb.png,300,300,300,300
11縦長目緑左黑眼白,11fLb.png,600,300,300,300
11縦長目紅左黑眼白,11fLb.png,900,300,300,300
11縦長目紺左黑眼白,11fLb.png,1200,300,300,300
11縦長目深緑左黑眼白,11fLb.png,1500,300,300,300
11縦長目白左黑眼白,11fLb.png,1800,300,300,300
11縦長目金右黑眼白,11fRb.png,0,0,300,300
11縦長目黒右黑眼白,11fRb.png,300,0,300,300
11縦長目紫右黑眼白,11fRb.png,600,0,300,300
11縦長目青右黑眼白,11fRb.png,900,0,300,300
11縦長目銀右黑眼白,11fRb.png,1200,0,300,300
11縦長目焦茶右黑眼白,11fRb.png,1500,0,300,300
11縦長目棕右黑眼白,11fRb.png,1800,0,300,300
11縦長目赤右黑眼白,11fRb.png,0,300,300,300
11縦長目茶右黑眼白,11fRb.png,300,300,300,300
11縦長目緑右黑眼白,11fRb.png,600,300,300,300
11縦長目紅右黑眼白,11fRb.png,900,300,300,300
11縦長目紺右黑眼白,11fRb.png,1200,300,300,300
11縦長目深緑右黑眼白,11fRb.png,1500,300,300,300
11縦長目白右黑眼白,11fRb.png,1800,300,300,300


11三白眼金左无眼白,11gL.png,0,0,300,300
11三白眼黒左无眼白,11gL.png,300,0,300,300
11三白眼紫左无眼白,11gL.png,600,0,300,300
11三白眼青左无眼白,11gL.png,900,0,300,300
11三白眼銀左无眼白,11gL.png,1200,0,300,300
11三白眼焦茶左无眼白,11gL.png,1500,0,300,300
11三白眼棕左无眼白,11gL.png,1800,0,300,300
11三白眼赤左无眼白,11gL.png,0,300,300,300
11三白眼茶左无眼白,11gL.png,300,300,300,300
11三白眼緑左无眼白,11gL.png,600,300,300,300
11三白眼紅左无眼白,11gL.png,900,300,300,300
11三白眼紺左无眼白,11gL.png,1200,300,300,300
11三白眼深緑左无眼白,11gL.png,1500,300,300,300
11三白眼白左无眼白,11gL.png,1800,300,300,300
11三白眼金右无眼白,11gR.png,0,0,300,300
11三白眼黒右无眼白,11gR.png,300,0,300,300
11三白眼紫右无眼白,11gR.png,600,0,300,300
11三白眼青右无眼白,11gR.png,900,0,300,300
11三白眼銀右无眼白,11gR.png,1200,0,300,300
11三白眼焦茶右无眼白,11gR.png,1500,0,300,300
11三白眼棕右无眼白,11gR.png,1800,0,300,300
11三白眼赤右无眼白,11gR.png,0,300,300,300
11三白眼茶右无眼白,11gR.png,300,300,300,300
11三白眼緑右无眼白,11gR.png,600,300,300,300
11三白眼紅右无眼白,11gR.png,900,300,300,300
11三白眼紺右无眼白,11gR.png,1200,300,300,300
11三白眼深緑右无眼白,11gR.png,1500,300,300,300
11三白眼白右无眼白,11gR.png,1800,300,300,300
11三白眼金左有眼白,11gLw.png,0,0,300,300
11三白眼黒左有眼白,11gLw.png,300,0,300,300
11三白眼紫左有眼白,11gLw.png,600,0,300,300
11三白眼青左有眼白,11gLw.png,900,0,300,300
11三白眼銀左有眼白,11gLw.png,1200,0,300,300
11三白眼焦茶左有眼白,11gLw.png,1500,0,300,300
11三白眼棕左有眼白,11gLw.png,1800,0,300,300
11三白眼赤左有眼白,11gLw.png,0,300,300,300
11三白眼茶左有眼白,11gLw.png,300,300,300,300
11三白眼緑左有眼白,11gLw.png,600,300,300,300
11三白眼紅左有眼白,11gLw.png,900,300,300,300
11三白眼紺左有眼白,11gLw.png,1200,300,300,300
11三白眼深緑左有眼白,11gLw.png,1500,300,300,300
11三白眼白左有眼白,11gLw.png,1800,300,300,300
11三白眼金右有眼白,11gRw.png,0,0,300,300
11三白眼黒右有眼白,11gRw.png,300,0,300,300
11三白眼紫右有眼白,11gRw.png,600,0,300,300
11三白眼青右有眼白,11gRw.png,900,0,300,300
11三白眼銀右有眼白,11gRw.png,1200,0,300,300
11三白眼焦茶右有眼白,11gRw.png,1500,0,300,300
11三白眼棕右有眼白,11gRw.png,1800,0,300,300
11三白眼赤右有眼白,11gRw.png,0,300,300,300
11三白眼茶右有眼白,11gRw.png,300,300,300,300
11三白眼緑右有眼白,11gRw.png,600,300,300,300
11三白眼紅右有眼白,11gRw.png,900,300,300,300
11三白眼紺右有眼白,11gRw.png,1200,300,300,300
11三白眼深緑右有眼白,11gRw.png,1500,300,300,300
11三白眼白右有眼白,11gRw.png,1800,300,300,300
11三白眼金左黑眼白,11gLb.png,0,0,300,300
11三白眼黒左黑眼白,11gLb.png,300,0,300,300
11三白眼紫左黑眼白,11gLb.png,600,0,300,300
11三白眼青左黑眼白,11gLb.png,900,0,300,300
11三白眼銀左黑眼白,11gLb.png,1200,0,300,300
11三白眼焦茶左黑眼白,11gLb.png,1500,0,300,300
11三白眼棕左黑眼白,11gLb.png,1800,0,300,300
11三白眼赤左黑眼白,11gLb.png,0,300,300,300
11三白眼茶左黑眼白,11gLb.png,300,300,300,300
11三白眼緑左黑眼白,11gLb.png,600,300,300,300
11三白眼紅左黑眼白,11gLb.png,900,300,300,300
11三白眼紺左黑眼白,11gLb.png,1200,300,300,300
11三白眼深緑左黑眼白,11gLb.png,1500,300,300,300
11三白眼白左黑眼白,11gLb.png,1800,300,300,300
11三白眼金右黑眼白,11gRb.png,0,0,300,300
11三白眼黒右黑眼白,11gRb.png,300,0,300,300
11三白眼紫右黑眼白,11gRb.png,600,0,300,300
11三白眼青右黑眼白,11gRb.png,900,0,300,300
11三白眼銀右黑眼白,11gRb.png,1200,0,300,300
11三白眼焦茶右黑眼白,11gRb.png,1500,0,300,300
11三白眼棕右黑眼白,11gRb.png,1800,0,300,300
11三白眼赤右黑眼白,11gRb.png,0,300,300,300
11三白眼茶右黑眼白,11gRb.png,300,300,300,300
11三白眼緑右黑眼白,11gRb.png,600,300,300,300
11三白眼紅右黑眼白,11gRb.png,900,300,300,300
11三白眼紺右黑眼白,11gRb.png,1200,300,300,300
11三白眼深緑右黑眼白,11gRb.png,1500,300,300,300
11三白眼白右黑眼白,11gRb.png,1800,300,300,300


11眯眯眼左,11zL.png,0,0,300,300
11にっこり左,11zL.png,300,0,300,300
11瞑り左,11zL.png,600,0,300,300
11〇〇左,11zL.png,900,0,300,300
11＞＜左,11zL.png,1200,0,300,300
11瞑り三白眼左,11zL.png,600,300,300,300

11眯眯眼右,11zR.png,0,0,300,300
11にっこり右,11zR.png,300,0,300,300
11瞑り右,11zR.png,600,0,300,300
11〇〇右,11zR.png,900,0,300,300
11＞＜右,11zR.png,1200,0,300,300
11瞑り三白眼右,11zR.png,600,0,300,300


爱心普通眼左,heartL.png,0,0,300,300
爱心吊眼左,heartL.png,300,0,300,300
爱心垂眼左,heartL.png,600,0,300,300
爱心斜眼左,heartL.png,900,0,300,300
爱心水灵眼左,heartL.png,1200,0,300,300
爱心縦長目左,heartL.png,1500,0,300,300
爱心三白眼左,heartL.png,1800,0,300,300

爱心普通眼右,heartR.png,0,0,300,300
爱心吊眼右,heartR.png,300,0,300,300
爱心垂眼右,heartR.png,600,0,300,300
爱心斜眼右,heartR.png,900,0,300,300
爱心水灵眼右,heartR.png,1200,0,300,300
爱心縦長目右,heartR.png,1500,0,300,300
爱心三白眼右,heartR.png,1800,0,300,300

白爱心普通眼左,heartLw.png,0,0,300,300
白爱心吊眼左,heartLw.png,300,0,300,300
白爱心垂眼左,heartLw.png,600,0,300,300
白爱心斜眼左,heartLw.png,900,0,300,300
白爱心水灵眼左,heartLw.png,1200,0,300,300
白爱心縦長目左,heartLw.png,1500,0,300,300
白爱心三白眼左,heartLw.png,1800,0,300,300

白爱心普通眼右,heartRw.png,0,0,300,300
白爱心吊眼右,heartRw.png,300,0,300,300
白爱心垂眼右,heartRw.png,600,0,300,300
白爱心斜眼右,heartRw.png,900,0,300,300
白爱心水灵眼右,heartRw.png,1200,0,300,300
白爱心縦長目右,heartRw.png,1500,0,300,300
白爱心三白眼右,heartRw.png,1800,0,300,300
