﻿;13服
13恤,13a.png,0,0,300,300
13宽大的Ｔ恤,13a.png,300,0,300,300

13Ｔ恤黄色,13Tshirt.png,0,0,300,300
13Ｔ恤白,13Tshirt.png,300,0,300,300
13Ｔ恤黒,13Tshirt.png,600,0,300,300
13Ｔ恤赤,13Tshirt.png,900,0,300,300
13Ｔ恤緑色,13Tshirt.png,1200,0,300,300
13Ｔ恤青,13Tshirt.png,0,300,300,300
13Ｔ恤紫,13Tshirt.png,300,300,300,300
13Ｔ恤桃,13Tshirt.png,600,300,300,300
13Ｔ恤橙,13Tshirt.png,900,300,300,300

13変Ｔ漢字１,13henshirt.png,0,0,300,300
13変Ｔ英字１,13henshirt.png,300,0,300,300
13変Ｔ英字２,13henshirt.png,600,0,300,300
13変ＴＡＡ１,13henshirt.png,900,0,300,300

13変Ｔ漢字１黒,13Logob.png,0,0,300,300
13変Ｔ英字１黒,13Logob.png,300,0,300,300
13変Ｔ英字２黒,13Logob.png,600,0,300,300
13変ＴＡＡ１黒,13Logob.png,900,0,300,300

13変Ｔ漢字１白,13Logow.png,0,0,300,300
13変Ｔ英字１白,13Logow.png,300,0,300,300
13変Ｔ英字２白,13Logow.png,600,0,300,300
13変ＴＡＡ１白,13Logow.png,900,0,300,300

13女仆装黒,13b.png,0,0,300,300
13女仆装青,13b.png,300,0,300,300
13女仆装赤,13b.png,600,0,300,300
13女仆装緑色,13b.png,900,0,300,300
;13メイド服紺,13b.png,1200,0,300,300
13女仆装桃,13b.png,0,300,300,300
13女仆装水色,13b.png,300,300,300,300

13執事服灰色,13執事服.png,0,0,300,300
13執事服黒,13執事服.png,300,0,300,300
13執事服緑色,13執事服.png,600,0,300,300

13圍裙,13b2.png,0,0,300,300

13領帯女式衬衫黒,13c.png,0,0,300,300
13領帯女式衬衫青,13c.png,300,0,300,300
13領帯女式衬衫赤,13c.png,600,0,300,300
13女式衬衫白,13c.png,900,0,300,300

13恤夹克白,13c1.png,0,0,300,300
13恤夹克黒,13c1.png,300,0,300,300
13恤夹克緑色,13c1.png,600,0,300,300
13恤夹克紺色,13c1.png,900,0,300,300

13前開的衬衫白,13c2.png,0,0,300,300
13前開的衬衫黒,13c2.png,300,0,300,300
13前開的衬衫緑色,13c2.png,600,0,300,300
13前開的衬衫紺色,13c2.png,900,0,300,300

13水手灰色,13d.png,0,0,300,300
13水手黒,13d.png,300,0,300,300
13水手紺色,13d.png,600,0,300,300
13水手青,13d.png,900,0,300,300
13水手赤,13d.png,1200,0,300,300
13水手白,13d.png,0,300,300,300

13无袖水手灰色,13da.png,0,0,300,300
13无袖水手黒,13da.png,300,0,300,300
13无袖水手紺色,13da.png,600,0,300,300
13无袖水手青,13da.png,900,0,300,300
13无袖水手赤,13da.png,1200,0,300,300
13无袖水手白,13da.png,0,300,300,300

13西装外衣灰色,13e.png,0,0,300,300
13西装外衣青,13e.png,300,0,300,300
13西装外衣赤,13e.png,600,0,300,300
13西装外衣茶色,13e.png,900,0,300,300
13西装外衣緑色,13e.png,1200,0,300,300
13西装外衣黒,13e.png,0,300,300,300

13运动衫黒,13f.png,0,0,300,300
13运动衫青,13f.png,300,0,300,300
13运动衫赤,13f.png,600,0,300,300
13运动衫緑色,13f.png,900,0,300,300

13詰襟运动衫黄色,13g.png,0,0,300,300
13詰襟运动衫青,13g.png,300,0,300,300
13詰襟运动衫赤,13g.png,600,0,300,300
13詰襟运动衫白,13g.png,900,0,300,300
13詰襟运动衫緑色,13g.png,1200,0,300,300
13詰襟运动衫橙,13g.png,0,300,300,300

13水手灰色＆运动衫黒,13fa.png,0,0,300,300
13水手灰色＆运动衫青,13fa.png,0,300,300,300
13水手灰色＆运动衫赤,13fa.png,0,600,300,300
13水手灰色＆运动衫緑色,13fa.png,0,900,300,300
13水手黒＆运动衫黒,13fa.png,300,0,300,300
13水手黒＆运动衫青,13fa.png,300,300,300,300
13水手黒＆运动衫赤,13fa.png,300,600,300,300
13水手黒＆运动衫緑色,13fa.png,300,900,300,300
13水手紺色＆运动衫黒,13fa.png,600,0,300,300
13水手紺色＆运动衫青,13fa.png,600,300,300,300
13水手紺色＆运动衫赤,13fa.png,600,600,300,300
13水手紺色＆运动衫緑色,13fa.png,600,900,300,300
13水手青＆运动衫黒,13fa.png,600,0,300,300
13水手青＆运动衫青,13fa.png,600,300,300,300
13水手青＆运动衫赤,13fa.png,600,600,300,300
13水手青＆运动衫緑色,13fa.png,600,900,300,300
13水手赤＆运动衫黒,13fa.png,900,0,300,300
13水手赤＆运动衫青,13fa.png,900,300,300,300
13水手赤＆运动衫赤,13fa.png,900,600,300,300
13水手赤＆运动衫緑色,13fa.png,900,900,300,300
13水手白＆运动衫黒,13fa.png,1200,0,300,300
13水手白＆运动衫青,13fa.png,1200,300,300,300
13水手白＆运动衫赤,13fa.png,1200,600,300,300
13水手白＆运动衫緑色,13fa.png,1200,900,300,300

13新死库水紺色,13h.png,0,0,300,300
13死库水青,13h.png,300,0,300,300
13死库水白,13h.png,600,0,300,300

13競泳黒,13j.png,0,0,300,300
13競泳青,13j.png,300,0,300,300
13競泳赤,13j.png,600,0,300,300
13競泳緑色,13j.png,900,0,300,300

13连体泳装黒,13k.png,0,0,300,300
13抹胸赤,13k.png,300,0,300,300

13内衣黒,13l.png,0,0,300,300
13内衣青,13l.png,300,0,300,300
13内衣桃,13l.png,600,0,300,300
13内衣白,13l.png,900,0,300,300
13内衣緑色,13l.png,1200,0,300,300
13内衣橙,13l.png,0,300,300,300

13旗袍黒,13m.png,0,0,300,300
13旗袍青,13m.png,300,0,300,300
13旗袍赤,13m.png,600,0,300,300
13旗袍緑色,13m.png,900,0,300,300

13胸開き旗袍緑色,13mopen.png,0,0,300,300
13胸開き旗袍青,13mopen.png,300,0,300,300
13胸開き旗袍黒,13mopen.png,600,0,300,300
13胸開き旗袍白,13mopen.png,900,0,300,300
13胸開き旗袍赤,13mopen.png,1200,0,300,300

13兔女郎制服黒,13n.png,0,0,300,300
13兔女郎制服紫,13n.png,300,0,300,300
13兔女郎制服青,13n.png,600,0,300,300
13兔女郎制服赤,13n.png,900,0,300,300
13兔女郎制服白,13n.png,1200,0,300,300

13拘束衣黒,13ボンデージ.png,0,0,300,300
13拘束衣赤,13ボンデージ.png,300,0,300,300

13紐拘束衣黒,13紐ボンデージ.png,0,0,300,300
13紐拘束衣赤,13紐ボンデージ.png,300,0,300,300

13蝶形領帯黒,13n2.png,0,0,300,300
13蝶形領帯紫,13n2.png,300,0,300,300
13蝶形領帯青,13n2.png,600,0,300,300
13蝶形領帯赤,13n2.png,900,0,300,300
13蝶形領帯白,13n2.png,1200,0,300,300

13振袖黒,13o.png,0,0,300,300
13振袖紫,13o.png,300,0,300,300
13振袖青,13o.png,600,0,300,300
13振袖赤,13o.png,900,0,300,300
13振袖緑色,13o.png,1200,0,300,300

13浴衣黄色,13p.png,0,0,300,300
13浴衣黒,13p.png,300,0,300,300
13浴衣青,13p.png,600,0,300,300
13浴衣赤,13p.png,900,0,300,300
13浴衣緑色,13p.png,1200,0,300,300

13和服黒,13q.png,0,0,300,300
13和服青,13q.png,300,0,300,300
13和服赤,13q.png,600,0,300,300
13和服白,13q.png,900,0,300,300
13和服緑色,13q.png,1200,0,300,300
13和服橙,13q.png,0,300,300,300

13蝴蝶結女式衬衫黒,13r.png,0,0,300,300
13蝴蝶結女式衬衫青,13r.png,300,0,300,300
13蝴蝶結女式衬衫赤,13r.png,600,0,300,300
13宽松女式衬衫,13r.png,900,0,300,300
13蝴蝶結女式衬衫緑色,13r.png,1200,0,300,300

13无袖女式衬衫Ａ,13nosleeve.png,0,0,300,300
13无袖女式衬衫Ｂ,13nosleeve.png,300,0,300,300

13露肩外衣白,13offshoulder_shirt.png,0,0,300,300
13露肩外衣米色,13offshoulder_shirt.png,300,0,300,300
13露肩外衣黒,13offshoulder_shirt.png,600,0,300,300
13露肩外衣灰色,13offshoulder_shirt.png,900,0,300,300

13情趣内衣赤,13babydoll.png,0,0,300,300
13情趣内衣黒,13babydoll.png,300,0,300,300
13情趣内衣緑色,13babydoll.png,600,0,300,300

13晨衣黒,13ネグリジェ.png,0,0,300,300
13晨衣白,13ネグリジェ.png,300,0,300,300
13晨衣桃,13ネグリジェ.png,600,0,300,300

13吊帯衫黒,13キャミソール.png,0,0,300,300
13吊帯衫青,13キャミソール.png,300,0,300,300
13吊帯衫赤,13キャミソール.png,600,0,300,300
13吊帯衫白,13キャミソール.png,900,0,300,300
13吊帯衫緑色,13キャミソール.png,1200,0,300,300
13吊帯衫橙,13キャミソール.png,0,300,300,300

13連帽風衣黒,13hoodie.png,0,0,300,300
13連帽風衣灰色,13hoodie.png,0,0,300,300
13連帽風衣白,13hoodie.png,300,0,300,300
13連帽風衣青,13hoodie.png,600,0,300,300
13連帽風衣赤,13hoodie.png,900,0,300,300

13前開連帽風衣黒,13hoodie2.png,0,0,300,300
13前開連帽風衣灰色,13hoodie2.png,0,0,300,300
13前開連帽風衣白,13hoodie2.png,300,0,300,300
13前開連帽風衣青,13hoodie2.png,600,0,300,300
13前開連帽風衣赤,13hoodie2.png,900,0,300,300

13恤没有連帽風衣黒,13hoodie3.png,0,0,300,300
13恤没有連帽風衣灰色,13hoodie3.png,0,0,300,300
13恤没有連帽風衣白,13hoodie3.png,300,0,300,300
13恤没有連帽風衣青,13hoodie3.png,600,0,300,300
13恤没有連帽風衣赤,13hoodie3.png,900,0,300,300

13吊帯背心灰色,13tanktop.png,0,0,300,300
13吊帯背心白,13tanktop.png,300,0,300,300
13吊帯背心青,13tanktop.png,600,0,300,300
13吊帯背心緑色,13tanktop.png,900,0,300,300

13针织毛衣緑色,13knit_sweater.png,0,0,300,300
13针织毛衣白,13knit_sweater.png,300,0,300,300
13针织毛衣赤,13knit_sweater.png,600,0,300,300
13针织毛衣紺色,13knit_sweater.png,900,0,300,300
13针织毛衣水色,13knit_sweater.png,1200,0,300,300
13针织毛衣茶色,13knit_sweater.png,1500,0,300,300

13无袖毛衣,13satui_sweater.png,0,0,300,300

13浴衣,13bathtowel.png,0,0,300,300

13外套茶色,13coat.png,0,0,300,300
13外套赤,13coat.png,300,0,300,300
13外套白,13coat.png,600,0,300,300

13裸外套茶色,13nudecoat.png,0,0,300,300
13裸外套赤,13nudecoat.png,300,0,300,300
13裸外套白,13nudecoat.png,600,0,300,300

13校服Ａ,13gakuran.png,0,0,300,300
13校服Ｂ,13gakuran.png,300,0,300,300

13褶边女式衬衫黒,13童貞を殺す服.png,0,0,300,300
13褶边女式衬衫白,13童貞を殺す服.png,300,0,300,300

13哥特蘿莉礼服白,13ゴスロリドレス.png,0,0,300,300
13哥特蘿莉礼服黒,13ゴスロリドレス.png,300,0,300,300
13哥特蘿莉礼服赤,13ゴスロリドレス.png,600,0,300,300

13夏日礼服赤,13summer_dress.png,0,0,300,300
13夏日礼服白,13summer_dress.png,300,0,300,300
13夏日礼服緑色,13summer_dress.png,600,0,300,300
13夏日礼服黒,13summer_dress.png,900,0,300,300

13縦毛衣紫,13sero_sweater.png,0,0,300,300
13縦毛衣灰色,13tateseta.png,0,0,300,300
13縦毛衣紺色,13tateseta.png,300,0,300,300
13縦毛衣赤,13tateseta.png,600,0,300,300
13縦毛衣茶色,13tateseta.png,900,0,300,300
13縦毛衣緑色,13tateseta.png,1200,0,300,300
13縦毛衣黒,13tateseta.png,0,300,300,300

13背心灰色,13vest.png,0,0,300,300
13背心赤,13vest.png,300,0,300,300
13背心青,13vest.png,600,0,300,300
13背心茶色,13vest.png,900,0,300,300
13背心緑色,13vest.png,1200,0,300,300
13背心黒,13vest.png,0,300,300,300

13V领毛衣灰色,13cardigan.png,0,0,300,300
13V领毛衣赤,13cardigan.png,300,0,300,300
13V领毛衣青,13cardigan.png,600,0,300,300
13V领毛衣橙,13cardigan.png,900,0,300,300
13V领毛衣緑色,13cardigan.png,1200,0,300,300
13V领毛衣濃紫,13cardigan.png,0,300,300,300
13V领毛衣桃,13cardigan.png,300,300,300,300
13V领毛衣白,13cardigan.png,600,300,300,300
13V领毛衣黒,13cardigan.png,900,300,300,300

13无袖女式衬衫＆肩出し夹克灰色,13offshoulder_jacket.png,0,0,300,300
13无袖女式衬衫＆肩出し夹克赤,13offshoulder_jacket.png,300,0,300,300
13无袖女式衬衫＆肩出し夹克青,13offshoulder_jacket.png,600,0,300,300
13无袖女式衬衫＆肩出し夹克橙,13offshoulder_jacket.png,900,0,300,300
13无袖女式衬衫＆肩出し夹克緑色,13offshoulder_jacket.png,1200,0,300,300
13无袖女式衬衫＆肩出し夹克濃紫,13offshoulder_jacket.png,0,300,300,300
13无袖女式衬衫＆肩出し夹克桃,13offshoulder_jacket.png,300,300,300,300
13无袖女式衬衫＆肩出し夹克白,13offshoulder_jacket.png,600,300,300,300
13无袖女式衬衫＆肩出し夹克黒,13offshoulder_jacket.png,900,300,300,300

13无袖女式衬衫Ａ＆肩出し夹克灰色,13offshoulder_jacket.png,0,0,300,300
13无袖女式衬衫Ａ＆肩出し夹克赤,13offshoulder_jacket.png,300,0,300,300
13无袖女式衬衫Ａ＆肩出し夹克青,13offshoulder_jacket.png,600,0,300,300
13无袖女式衬衫Ａ＆肩出し夹克橙,13offshoulder_jacket.png,900,0,300,300
13无袖女式衬衫Ａ＆肩出し夹克緑色,13offshoulder_jacket.png,1200,0,300,300
13无袖女式衬衫Ａ＆肩出し夹克濃紫,13offshoulder_jacket.png,0,300,300,300
13无袖女式衬衫Ａ＆肩出し夹克桃,13offshoulder_jacket.png,300,300,300,300
13无袖女式衬衫Ａ＆肩出し夹克白,13offshoulder_jacket.png,600,300,300,300
13无袖女式衬衫Ａ＆肩出し夹克黒,13offshoulder_jacket.png,900,300,300,300

13无袖女式衬衫Ｂ＆肩出し夹克灰色,13offshoulder_jacket.png,0,0,300,300
13无袖女式衬衫Ｂ＆肩出し夹克赤,13offshoulder_jacket.png,300,0,300,300
13无袖女式衬衫Ｂ＆肩出し夹克青,13offshoulder_jacket.png,600,0,300,300
13无袖女式衬衫Ｂ＆肩出し夹克橙,13offshoulder_jacket.png,900,0,300,300
13无袖女式衬衫Ｂ＆肩出し夹克緑色,13offshoulder_jacket.png,1200,0,300,300
13无袖女式衬衫Ｂ＆肩出し夹克濃紫,13offshoulder_jacket.png,0,300,300,300
13无袖女式衬衫Ｂ＆肩出し夹克桃,13offshoulder_jacket.png,300,300,300,300
13无袖女式衬衫Ｂ＆肩出し夹克白,13offshoulder_jacket.png,600,300,300,300
13无袖女式衬衫Ｂ＆肩出し夹克黒,13offshoulder_jacket.png,900,300,300,300


13褞袍灰色,13dotera.png,0,0,300,300
13褞袍茶色,13dotera.png,300,0,300,300
13褞袍赤,13dotera.png,600,0,300,300
13褞袍緑色,13dotera.png,900,0,300,300
13褞袍紺色,13dotera.png,1200,0,300,300

13粗呢外套茶色,13duffle.png,0,0,300,300
13粗呢外套白,13duffle.png,300,0,300,300
13粗呢外套焦茶色,13duffle.png,600,0,300,300
13粗呢外套黒,13duffle.png,900,0,300,300
13粗呢外套青,13duffle.png,1200,0,300,300

13水手灰色＆粗呢外套白,13duffle_sailor.png,0,0,300,300
13水手灰色＆粗呢外套青,13duffle_sailor.png,0,300,300,300
13水手灰色＆粗呢外套黒,13duffle_sailor.png,0,600,300,300
13水手灰色＆粗呢外套茶色,13duffle_sailor.png,0,900,300,300
13水手灰色＆粗呢外套焦茶色,13duffle_sailor.png,0,1200,300,300
13水手黒＆粗呢外套白,13duffle_sailor.png,300,0,300,300
13水手黒＆粗呢外套青,13duffle_sailor.png,300,300,300,300
13水手黒＆粗呢外套黒,13duffle_sailor.png,300,600,300,300
13水手黒＆粗呢外套焦茶色,13duffle_sailor.png,300,1200,300,300
13水手黒＆粗呢外套茶色,13duffle_sailor.png,300,900,300,300
13水手紺色＆粗呢外套白,13duffle_sailor.png,600,0,300,300
13水手紺色＆粗呢外套青,13duffle_sailor.png,600,300,300,300
13水手紺色＆粗呢外套黒,13duffle_sailor.png,600,600,300,300
13水手紺色＆粗呢外套茶色,13duffle_sailor.png,600,900,300,300
13水手紺色＆粗呢外套焦茶色,13duffle_sailor.png,600,1200,300,300
13水手青＆粗呢外套白,13duffle_sailor.png,600,0,300,300
13水手青＆粗呢外套青,13duffle_sailor.png,600,300,300,300
13水手青＆粗呢外套黒,13duffle_sailor.png,600,600,300,300
13水手青＆粗呢外套茶色,13duffle_sailor.png,600,900,300,300
13水手青＆粗呢外套焦茶色,13duffle_sailor.png,600,1200,300,300
13水手赤＆粗呢外套白,13duffle_sailor.png,900,0,300,300
13水手赤＆粗呢外套青,13duffle_sailor.png,900,300,300,300
13水手赤＆粗呢外套黒,13duffle_sailor.png,900,600,300,300
13水手赤＆粗呢外套茶色,13duffle_sailor.png,900,900,300,300
13水手赤＆粗呢外套焦茶色,13duffle_sailor.png,900,1200,300,300
13水手白＆粗呢外套白,13duffle_sailor.png,1200,0,300,300
13水手白＆粗呢外套青,13duffle_sailor.png,1200,300,300,300
13水手白＆粗呢外套黒,13duffle_sailor.png,1200,600,300,300
13水手白＆粗呢外套茶色,13duffle_sailor.png,1200,900,300,300
13水手白＆粗呢外套焦茶色,13duffle_sailor.png,1200,1200,300,300

;こちらは暫し封印の重ね着版
;13ダッフルコート白,13coat2.png,0,0,300,300
;13ダッフルコート青,13coat2.png,300,0,300,300
;13ダッフルコート黒,13coat2.png,600,0,300,300
;13ダッフルコート茶色,13coat2.png,900,0,300,300
;13ダッフルコート焦茶色,13coat2.png,1200,0,300,300

13裤吊带白,13suspenders.png,0,0,300,300
13裤吊带茶色,13suspenders.png,300,0,300,300
13裤吊带黒,13suspenders.png,600,0,300,300
13裤吊带赤,13suspenders.png,900,0,300,300
13裤吊带青,13suspenders.png,1200,0,300,300
13裤吊带焦茶色,13suspenders.png,1500,0,300,300

13褶边裙吊带黒,13フリル付きサスペンダー.png,0,0,300,300
13褶边裙吊带白,13フリル付きサスペンダー.png,300,0,300,300
13褶边裙吊带桃,13フリル付きサスペンダー.png,600,0,300,300

13睡衣白,13pajamas.png,0,0,300,300
13睡衣紺,13pajamas.png,300,0,300,300
13睡衣桃,13pajamas.png,600,0,300,300
13睡衣薄緑,13pajamas.png,900,0,300,300
13睡衣水色,13pajamas.png,1200,0,300,300

13修道服,13sister.png,0,0,300,300
13巫女服,13miko_clothes.png,0,0,300,300
13啦啦队制服,13tia1.png,0,0,300,300
13红黑色无袖連帽風衣,13blood_parka.png,0,0,300,300
13婚纱礼服,13wedding.png,0,0,300,300
13护士服,13nurse_uniform.png,0,0,300,300
13针织露肩衣,13knit_upper.png,0,0,300,300
13高領毛衣,13turtleneck.png,0,0,300,300
13開胸高領毛衣,13turtleneck_open.png,0,0,300,300
13白色連衣裙,13white_onepiece.png,0,0,300,300
13哥特連衣裙,13gothic_onepiece.png,0,0,300,300
13哥特礼服,13ゴシックドレス.png,0,0,300,300
13紧身高袍黄色,13woman_modern_tunic.png,0,0,300,300
13紧身高袍紺色,13woman_modern_tunic_kon.png,0,0,300,300
13中世紧身高袍赤,13man_medium_tunic_red.png,0,0,300,300
13中世紧身高袍緑色,13man_medium_tunic_green.png,0,0,300,300
13中世紧身高袍青,13man_medium_tunic_blue.png,0,0,300,300
13洛丽塔連衣裙,13sweet_loli_onepiece.png,0,0,300,300
13白色和金色装饰的民族衣装,13White_Death.png,0,0,300,300
13白色和金色装饰的民族衣装夏服,13White_Death2.png,0,0,300,300
13弄脏的連衣裙,13somber_dress.png,0,0,300,300
13魔術師のローブ,13魔術師のローブ.png,0,0,300,300
13魔術師のローブ2,13魔術師のローブ2.png,0,0,300,300
