﻿;5帽子
5贝雷帽赤,5a赤.png,0,0,300,300
5贝雷帽茶色,5a茶.png,0,0,300,300
5贝雷帽白,5a白.png,0,0,300,300
5贝雷帽緑色,5a緑.png,0,0,300,300
5z白,5z白.png,0,0,300,300

5草帽,5Straw_hat.png,0,0,300,300

5鸭舌帽黒,5casqquette.png,0,0,300,300
5鸭舌帽灰色,5casqquette.png,300,0,300,300
5鸭舌帽茶色,5casqquette.png,600,0,300,300
5鸭舌帽白,5casqquette.png,900,0,300,300
5鸭舌帽赤,5casqquette.png,1200,0,300,300
5鸭舌帽青,5casqquette.png,0,300,300,300
5鸭舌帽緑色,5casqquette.png,300,300,300,300

5魔女の帽子,5witchhat.png,0,0,300,300
