﻿CIPティアドロップ普通,CIPティアドロップ肌色.png,0,0,300,100
CIPティアドロップ褐色肌,CIPティアドロップ褐色.png,0,0,300,100
CIPティアドロップ色白,CIPティアドロップ色白.png,0,0,300,100
CIPティアドロップ青肌,CIPティアドロップ青肌.png,0,0,300,100
CIPティアドロップ赤,CIPティアドロップ赤.png,0,0,300,100
CIPティアドロップ黒,CIPティアドロップ黒.png,0,0,300,100
CIPティアドロップ紫,CIPティアドロップ紫.png,0,0,300,100
CIPティアドロップ青,CIPティアドロップ青.png,0,0,300,100

CIPティアドロップ豹柄,CIPティアドロップ豹柄.png,0,0,300,100
