;4後髪
4La金,4La.png,0,0,300,300
4La銀,4La.png,300,0,300,300
4La黒,4La.png,600,0,300,300
4La紫,4La.png,900,0,300,300
4La青,4La.png,1200,0,300,300
4La白,4La.png,1500,0,300,300
4La焦茶,4La.png,1800,0,300,300
4La真鍮,4La.png,2100,0,300,300
4La赤,4La.png,0,300,300,300
4La茶,4La.png,300,300,300,300
4La桃,4La.png,600,300,300,300
4La緑,4La.png,900,300,300,300
4La紅,4La.png,1200,300,300,300
4La紺,4La.png,1500,300,300,300
4La深緑,4La.png,1800,300,300,300

4Lb金,4Lb.png,0,0,300,300
4Lb銀,4Lb.png,300,0,300,300
4Lb黒,4Lb.png,600,0,300,300
4Lb紫,4Lb.png,900,0,300,300
4Lb青,4Lb.png,1200,0,300,300
4Lb白,4Lb.png,1500,0,300,300
4Lb焦茶,4Lb.png,1800,0,300,300
4Lb真鍮,4Lb.png,2100,0,300,300
4Lb赤,4Lb.png,0,300,300,300
4Lb茶,4Lb.png,300,300,300,300
4Lb桃,4Lb.png,600,300,300,300
4Lb緑,4Lb.png,900,300,300,300
4Lb紅,4Lb.png,1200,300,300,300
4Lb紺,4Lb.png,1500,300,300,300
4Lb深緑,4Lb.png,1800,300,300,300

4Lc金,4Lc.png,0,0,300,300
4Lc銀,4Lc.png,300,0,300,300
4Lc黒,4Lc.png,600,0,300,300
4Lc紫,4Lc.png,900,0,300,300
4Lc青,4Lc.png,1200,0,300,300
4Lc白,4Lc.png,1500,0,300,300
4Lc焦茶,4Lc.png,1800,0,300,300
4Lc真鍮,4Lc.png,2100,0,300,300
4Lc赤,4Lc.png,0,300,300,300
4Lc茶,4Lc.png,300,300,300,300
4Lc桃,4Lc.png,600,300,300,300
4Lc緑,4Lc.png,900,300,300,300
4Lc紅,4Lc.png,1200,300,300,300
4Lc紺,4Lc.png,1500,300,300,300
4Lc深緑,4Lc.png,1800,300,300,300

4Ld金,4Ld.png,0,0,300,300
4Ld銀,4Ld.png,300,0,300,300
4Ld黒,4Ld.png,600,0,300,300
4Ld紫,4Ld.png,900,0,300,300
4Ld青,4Ld.png,1200,0,300,300
4Ld白,4Ld.png,1500,0,300,300
4Ld焦茶,4Ld.png,1800,0,300,300
4Ld真鍮,4Ld.png,2100,0,300,300
4Ld赤,4Ld.png,0,300,300,300
4Ld茶,4Ld.png,300,300,300,300
4Ld桃,4Ld.png,600,300,300,300
4Ld緑,4Ld.png,900,300,300,300
4Ld紅,4Ld.png,1200,300,300,300
4Ld紺,4Ld.png,1500,300,300,300
4Ld深緑,4Ld.png,1800,300,300,300

4Le金,4Le.png,0,0,300,300
4Le銀,4Le.png,300,0,300,300
4Le黒,4Le.png,600,0,300,300
4Le紫,4Le.png,900,0,300,300
4Le青,4Le.png,1200,0,300,300
4Le白,4Le.png,1500,0,300,300
4Le焦茶,4Le.png,1800,0,300,300
4Le真鍮,4Le.png,2100,0,300,300
4Le赤,4Le.png,0,300,300,300
4Le茶,4Le.png,300,300,300,300
4Le桃,4Le.png,600,300,300,300
4Le緑,4Le.png,900,300,300,300
4Le紅,4Le.png,1200,300,300,300
4Le紺,4Le.png,1500,300,300,300
4Le深緑,4Le.png,1800,300,300,300

4Lf金,4Lf.png,0,0,300,300
4Lf銀,4Lf.png,300,0,300,300
4Lf黒,4Lf.png,600,0,300,300
4Lf紫,4Lf.png,900,0,300,300
4Lf青,4Lf.png,1200,0,300,300
4Lf白,4Lf.png,1500,0,300,300
4Lf焦茶,4Lf.png,1800,0,300,300
4Lf真鍮,4Lf.png,2100,0,300,300
4Lf赤,4Lf.png,0,300,300,300
4Lf茶,4Lf.png,300,300,300,300
4Lf桃,4Lf.png,600,300,300,300
4Lf緑,4Lf.png,900,300,300,300
4Lf紅,4Lf.png,1200,300,300,300
4Lf紺,4Lf.png,1500,300,300,300
4Lf深緑,4Lf.png,1800,300,300,300

4Lf1金,4Lf1.png,0,0,300,300
4Lf1銀,4Lf1.png,300,0,300,300
4Lf1黒,4Lf1.png,600,0,300,300
4Lf1紫,4Lf1.png,900,0,300,300
4Lf1青,4Lf1.png,1200,0,300,300
4Lf1白,4Lf1.png,1500,0,300,300
4Lf1焦茶,4Lf1.png,1800,0,300,300
4Lf1真鍮,4Lf1.png,2100,0,300,300
4Lf1赤,4Lf1.png,0,300,300,300
4Lf1茶,4Lf1.png,300,300,300,300
4Lf1桃,4Lf1.png,600,300,300,300
4Lf1緑,4Lf1.png,900,300,300,300
4Lf1紅,4Lf1.png,1200,300,300,300
4Lf1紺,4Lf1.png,1500,300,300,300
4Lf1深緑,4Lf1.png,1800,300,300,300

4Lg金,4Lg.png,0,0,300,300
4Lg銀,4Lg.png,300,0,300,300
4Lg黒,4Lg.png,600,0,300,300
4Lg紫,4Lg.png,900,0,300,300
4Lg青,4Lg.png,1200,0,300,300
4Lg白,4Lg.png,1500,0,300,300
4Lg焦茶,4Lg.png,1800,0,300,300
4Lg真鍮,4Lg.png,2100,0,300,300
4Lg赤,4Lg.png,0,300,300,300
4Lg茶,4Lg.png,300,300,300,300
4Lg桃,4Lg.png,600,300,300,300
4Lg緑,4Lg.png,900,300,300,300
4Lg紅,4Lg.png,1200,300,300,300
4Lg紺,4Lg.png,1500,300,300,300
4Lg深緑,4Lg.png,1800,300,300,300

4Lh金,4Lh.png,0,0,300,300
4Lh銀,4Lh.png,300,0,300,300
4Lh黒,4Lh.png,600,0,300,300
4Lh紫,4Lh.png,900,0,300,300
4Lh青,4Lh.png,1200,0,300,300
4Lh白,4Lh.png,1500,0,300,300
4Lh焦茶,4Lh.png,1800,0,300,300
4Lh真鍮,4Lh.png,2100,0,300,300
4Lh赤,4Lh.png,0,300,300,300
4Lh茶,4Lh.png,300,300,300,300
4Lh桃,4Lh.png,600,300,300,300
4Lh緑,4Lh.png,900,300,300,300
4Lh紅,4Lh.png,1200,300,300,300
4Lh紺,4Lh.png,1500,300,300,300
4Lh深緑,4Lh.png,1800,300,300,300

4Li金,4Li.png,0,0,300,300
4Li銀,4Li.png,300,0,300,300
4Li黒,4Li.png,600,0,300,300
4Li紫,4Li.png,900,0,300,300
4Li青,4Li.png,1200,0,300,300
4Li白,4Li.png,1500,0,300,300
4Li焦茶,4Li.png,1800,0,300,300
4Li真鍮,4Li.png,2100,0,300,300
4Li赤,4Li.png,0,300,300,300
4Li茶,4Li.png,300,300,300,300
4Li桃,4Li.png,600,300,300,300
4Li緑,4Li.png,900,300,300,300
4Li紅,4Li.png,1200,300,300,300
4Li紺,4Li.png,1500,300,300,300
4Li深緑,4Li.png,1800,300,300,300

4SLb金,4SLb.png,0,0,300,300
4SLb銀,4SLb.png,300,0,300,300
4SLb黒,4SLb.png,600,0,300,300
4SLb紫,4SLb.png,900,0,300,300
4SLb青,4SLb.png,1200,0,300,300
4SLb白,4SLb.png,1500,0,300,300
4SLb焦茶,4SLb.png,1800,0,300,300
4SLb真鍮,4SLb.png,2100,0,300,300
4SLb赤,4SLb.png,0,300,300,300
4SLb茶,4SLb.png,300,300,300,300
4SLb桃,4SLb.png,600,300,300,300
4SLb緑,4SLb.png,900,300,300,300
4SLb紅,4SLb.png,1200,300,300,300
4SLb紺,4SLb.png,1500,300,300,300
4SLb深緑,4SLb.png,1800,300,300,300

4SLd金,4SLd.png,0,0,300,300
4SLd銀,4SLd.png,300,0,300,300
4SLd黒,4SLd.png,600,0,300,300
4SLd紫,4SLd.png,900,0,300,300
4SLd青,4SLd.png,1200,0,300,300
4SLd白,4SLd.png,1500,0,300,300
4SLd焦茶,4SLd.png,1800,0,300,300
4SLd真鍮,4SLd.png,2100,0,300,300
4SLd赤,4SLd.png,0,300,300,300
4SLd茶,4SLd.png,300,300,300,300
4SLd桃,4SLd.png,600,300,300,300
4SLd緑,4SLd.png,900,300,300,300
4SLd紅,4SLd.png,1200,300,300,300
4SLd紺,4SLd.png,1500,300,300,300
4SLd深緑,4SLd.png,1800,300,300,300

4SLh金,4SLh.png,0,0,300,300
4SLh銀,4SLh.png,300,0,300,300
4SLh黒,4SLh.png,600,0,300,300
4SLh紫,4SLh.png,900,0,300,300
4SLh青,4SLh.png,1200,0,300,300
4SLh白,4SLh.png,1500,0,300,300
4SLh焦茶,4SLh.png,1800,0,300,300
4SLh真鍮,4SLh.png,2100,0,300,300
4SLh赤,4SLh.png,0,300,300,300
4SLh茶,4SLh.png,300,300,300,300
4SLh桃,4SLh.png,600,300,300,300
4SLh緑,4SLh.png,900,300,300,300
4SLh紅,4SLh.png,1200,300,300,300
4SLh紺,4SLh.png,1500,300,300,300
4SLh深緑,4SLh.png,1800,300,300,300

4Ma金,4Ma.png,0,0,300,300
4Ma銀,4Ma.png,300,0,300,300
4Ma黒,4Ma.png,600,0,300,300
4Ma紫,4Ma.png,900,0,300,300
4Ma青,4Ma.png,1200,0,300,300
4Ma白,4Ma.png,1500,0,300,300
4Ma焦茶,4Ma.png,1800,0,300,300
4Ma真鍮,4Ma.png,2100,0,300,300
4Ma赤,4Ma.png,0,300,300,300
4Ma茶,4Ma.png,300,300,300,300
4Ma桃,4Ma.png,600,300,300,300
4Ma緑,4Ma.png,900,300,300,300
4Ma紅,4Ma.png,1200,300,300,300
4Ma紺,4Ma.png,1500,300,300,300
4Ma深緑,4Ma.png,1800,300,300,300

4Mb金,4Mb.png,0,0,300,300
4Mb銀,4Mb.png,300,0,300,300
4Mb黒,4Mb.png,600,0,300,300
4Mb紫,4Mb.png,900,0,300,300
4Mb青,4Mb.png,1200,0,300,300
4Mb白,4Mb.png,1500,0,300,300
4Mb焦茶,4Mb.png,1800,0,300,300
4Mb真鍮,4Mb.png,2100,0,300,300
4Mb赤,4Mb.png,0,300,300,300
4Mb茶,4Mb.png,300,300,300,300
4Mb桃,4Mb.png,600,300,300,300
4Mb緑,4Mb.png,900,300,300,300
4Mb紅,4Mb.png,1200,300,300,300
4Mb紺,4Mb.png,1500,300,300,300
4Mb深緑,4Mb.png,1800,300,300,300

4Mc金,4Mc.png,0,0,300,300
4Mc銀,4Mc.png,300,0,300,300
4Mc黒,4Mc.png,600,0,300,300
4Mc紫,4Mc.png,900,0,300,300
4Mc青,4Mc.png,1200,0,300,300
4Mc白,4Mc.png,1500,0,300,300
4Mc焦茶,4Mc.png,1800,0,300,300
4Mc真鍮,4Mc.png,2100,0,300,300
4Mc赤,4Mc.png,0,300,300,300
4Mc茶,4Mc.png,300,300,300,300
4Mc桃,4Mc.png,600,300,300,300
4Mc緑,4Mc.png,900,300,300,300
4Mc紅,4Mc.png,1200,300,300,300
4Mc紺,4Mc.png,1500,300,300,300
4Mc深緑,4Mc.png,1800,300,300,300

4Mf金,4Mf.png,0,0,300,300
4Mf銀,4Mf.png,300,0,300,300
4Mf黒,4Mf.png,600,0,300,300
4Mf紫,4Mf.png,900,0,300,300
4Mf青,4Mf.png,1200,0,300,300
4Mf白,4Mf.png,1500,0,300,300
4Mf焦茶,4Mf.png,1800,0,300,300
4Mf真鍮,4Mf.png,2100,0,300,300
4Mf赤,4Mf.png,0,300,300,300
4Mf茶,4Mf.png,300,300,300,300
4Mf桃,4Mf.png,600,300,300,300
4Mf緑,4Mf.png,900,300,300,300
4Mf紅,4Mf.png,1200,300,300,300
4Mf紺,4Mf.png,1500,300,300,300
4Mf深緑,4Mf.png,1800,300,300,300

4Mf1金,4Mf1.png,0,0,300,300
4Mf1銀,4Mf1.png,300,0,300,300
4Mf1黒,4Mf1.png,600,0,300,300
4Mf1紫,4Mf1.png,900,0,300,300
4Mf1青,4Mf1.png,1200,0,300,300
4Mf1白,4Mf1.png,1500,0,300,300
4Mf1焦茶,4Mf1.png,1800,0,300,300
4Mf1真鍮,4Mf1.png,2100,0,300,300
4Mf1赤,4Mf1.png,0,300,300,300
4Mf1茶,4Mf1.png,300,300,300,300
4Mf1桃,4Mf1.png,600,300,300,300
4Mf1緑,4Mf1.png,900,300,300,300
4Mf1紅,4Mf1.png,1200,300,300,300
4Mf1紺,4Mf1.png,1500,300,300,300
4Mf1深緑,4Mf1.png,1800,300,300,300

4Mg金,4Mg.png,0,0,300,300
4Mg銀,4Mg.png,300,0,300,300
4Mg黒,4Mg.png,600,0,300,300
4Mg紫,4Mg.png,900,0,300,300
4Mg青,4Mg.png,1200,0,300,300
4Mg白,4Mg.png,1500,0,300,300
4Mg焦茶,4Mg.png,1800,0,300,300
4Mg真鍮,4Mg.png,2100,0,300,300
4Mg赤,4Mg.png,0,300,300,300
4Mg茶,4Mg.png,300,300,300,300
4Mg桃,4Mg.png,600,300,300,300
4Mg緑,4Mg.png,900,300,300,300
4Mg紅,4Mg.png,1200,300,300,300
4Mg紺,4Mg.png,1500,300,300,300
4Mg深緑,4Mg.png,1800,300,300,300


4Sa金,4Sa.png,0,0,300,300
4Sa銀,4Sa.png,300,0,300,300
4Sa黒,4Sa.png,600,0,300,300
4Sa紫,4Sa.png,900,0,300,300
4Sa青,4Sa.png,1200,0,300,300
4Sa白,4Sa.png,1500,0,300,300
4Sa焦茶,4Sa.png,1800,0,300,300
4Sa真鍮,4Sa.png,2100,0,300,300
4Sa赤,4Sa.png,0,300,300,300
4Sa茶,4Sa.png,300,300,300,300
4Sa桃,4Sa.png,600,300,300,300
4Sa緑,4Sa.png,900,300,300,300
4Sa紅,4Sa.png,1200,300,300,300
4Sa紺,4Sa.png,1500,300,300,300
4Sa深緑,4Sa.png,1800,300,300,300

4Sb金,4Sb.png,0,0,300,300
4Sb銀,4Sb.png,300,0,300,300
4Sb黒,4Sb.png,600,0,300,300
4Sb紫,4Sb.png,900,0,300,300
4Sb青,4Sb.png,1200,0,300,300
4Sb白,4Sb.png,1500,0,300,300
4Sb焦茶,4Sb.png,1800,0,300,300
4Sb真鍮,4Sb.png,2100,0,300,300
4Sb赤,4Sb.png,0,300,300,300
4Sb茶,4Sb.png,300,300,300,300
4Sb桃,4Sb.png,600,300,300,300
4Sb緑,4Sb.png,900,300,300,300
4Sb紅,4Sb.png,1200,300,300,300
4Sb紺,4Sb.png,1500,300,300,300
4Sb深緑,4Sb.png,1800,300,300,300

4Sc金,4Sc.png,0,0,300,300
4Sc銀,4Sc.png,300,0,300,300
4Sc黒,4Sc.png,600,0,300,300
4Sc紫,4Sc.png,900,0,300,300
4Sc青,4Sc.png,1200,0,300,300
4Sc白,4Sc.png,1500,0,300,300
4Sc焦茶,4Sc.png,1800,0,300,300
4Sc真鍮,4Sc.png,2100,0,300,300
4Sc赤,4Sc.png,0,300,300,300
4Sc茶,4Sc.png,300,300,300,300
4Sc桃,4Sc.png,600,300,300,300
4Sc緑,4Sc.png,900,300,300,300
4Sc紅,4Sc.png,1200,300,300,300
4Sc紺,4Sc.png,1500,300,300,300
4Sc深緑,4Sc.png,1800,300,300,300

4Sd金,4Sd.png,0,0,300,300
4Sd銀,4Sd.png,300,0,300,300
4Sd黒,4Sd.png,600,0,300,300
4Sd紫,4Sd.png,900,0,300,300
4Sd青,4Sd.png,1200,0,300,300
4Sd白,4Sd.png,1500,0,300,300
4Sd焦茶,4Sd.png,1800,0,300,300
4Sd真鍮,4Sd.png,2100,0,300,300
4Sd赤,4Sd.png,0,300,300,300
4Sd茶,4Sd.png,300,300,300,300
4Sd桃,4Sd.png,600,300,300,300
4Sd緑,4Sd.png,900,300,300,300
4Sd紅,4Sd.png,1200,300,300,300
4Sd紺,4Sd.png,1500,300,300,300
4Sd深緑,4Sd.png,1800,300,300,300

4Se金,4Se.png,0,0,300,300
4Se銀,4Se.png,300,0,300,300
4Se黒,4Se.png,600,0,300,300
4Se紫,4Se.png,900,0,300,300
4Se青,4Se.png,1200,0,300,300
4Se白,4Se.png,1500,0,300,300
4Se焦茶,4Se.png,1800,0,300,300
4Se真鍮,4Se.png,2100,0,300,300
4Se赤,4Se.png,0,300,300,300
4Se茶,4Se.png,300,300,300,300
4Se桃,4Se.png,600,300,300,300
4Se緑,4Se.png,900,300,300,300
4Se紅,4Se.png,1200,300,300,300
4Se紺,4Se.png,1500,300,300,300
4Se深緑,4Se.png,1800,300,300,300

4Sf金,4Sf.png,0,0,300,300
4Sf銀,4Sf.png,300,0,300,300
4Sf黒,4Sf.png,600,0,300,300
4Sf紫,4Sf.png,900,0,300,300
4Sf青,4Sf.png,1200,0,300,300
4Sf白,4Sf.png,1500,0,300,300
4Sf焦茶,4Sf.png,1800,0,300,300
4Sf真鍮,4Sf.png,2100,0,300,300
4Sf赤,4Sf.png,0,300,300,300
4Sf茶,4Sf.png,300,300,300,300
4Sf桃,4Sf.png,600,300,300,300
4Sf緑,4Sf.png,900,300,300,300
4Sf紅,4Sf.png,1200,300,300,300
4Sf紺,4Sf.png,1500,300,300,300
4Sf深緑,4Sf.png,1800,300,300,300
